日付,台番号,上位に入ったか,実台コード,大当たり件数,上位区間数,判定根拠,最大区間実獲得
2026-08-12,3075,○,M0001,44,1,たい焼き推定,2179
2026-08-12,3076,×,M0002,14,0,,
2026-08-12,3077,○,M0003,60,4,たい焼き推定 / 実獲得1000枚以上,2662
2026-08-12,3078,×,M0004,16,0,,
2026-08-12,3079,○,M0005,70,4,たい焼き推定 / 実獲得1000枚以上,4291
2026-08-12,3080,○,M0006,67,3,たい焼き推定 / ST3連かつAT400枚以上,2726
2026-08-12,3081,×,M0007,15,0,,
2026-08-12,3082,○,M0008,82,6,たい焼き推定 / 実獲得1000枚以上 / ST3連かつAT400枚以上,4884
2026-08-12,3083,×,M0009,24,0,,
2026-08-12,3084,○,M0010,39,1,実獲得1000枚以上,1058
2026-08-12,3085,○,M0011,18,1,実獲得1000枚以上,1158
2026-08-12,3086,○,M0012,50,1,たい焼き推定,2566
2026-08-12,3087,○,M0013,50,2,たい焼き推定 / ST3連かつAT400枚以上,2022
2026-08-12,3150,○,M0014,52,1,実獲得1000枚以上,1040
2026-08-12,3151,×,M0015,17,0,,
2026-08-12,3152,○,M0016,48,1,たい焼き推定,2297
2026-08-12,3153,○,M0017,63,3,たい焼き推定 / 実獲得1000枚以上 / ST3連かつAT400枚以上,2375
2026-08-12,3154,○,M0018,60,3,たい焼き推定 / 実獲得1000枚以上,3620
2026-08-12,3155,○,M0019,33,2,実獲得1000枚以上,1083
2026-08-12,3156,○,M0020,66,3,たい焼き推定 / ST3連かつAT400枚以上,7868
2026-08-12,3157,×,M0021,22,0,,
2026-08-12,3158,×,M0022,25,0,,
2026-08-12,3159,○,M0023,49,1,たい焼き推定,7029
2026-08-12,3160,○,M0024,11,1,たい焼き推定,2713
2026-08-12,3161,○,M0025,35,1,実獲得1000枚以上,1202
2026-08-12,3162,×,M0026,16,0,,
2026-08-12,3163,○,M0027,70,5,たい焼き推定 / 実獲得1000枚以上 / ST3連かつAT400枚以上,4692
2026-08-12,3164,○,M0028,76,1,たい焼き推定,5004
2026-08-12,3165,○,M0029,79,3,たい焼き推定 / 実獲得1000枚以上,7424
2026-08-12,3166,○,M0030,86,3,たい焼き推定 / 実獲得1000枚以上,6074
2026-08-13,3075,○,M0001,69,5,たい焼き推定 / 実獲得1000枚以上,4441
2026-08-13,3076,○,M0002,69,2,たい焼き推定,3499
2026-08-13,3077,○,M0003,70,2,たい焼き推定,2479
2026-08-13,3078,○,M0004,84,5,たい焼き推定 / ST3連かつAT400枚以上,8929
2026-08-13,3079,○,M0005,45,1,たい焼き推定,2063
2026-08-13,3080,○,M0006,64,4,たい焼き推定 / 実獲得1000枚以上,3954
2026-08-13,3081,○,M0007,68,4,たい焼き推定 / 実獲得1000枚以上,2533
2026-08-13,3082,○,M0008,53,2,たい焼き推定 / 実獲得1000枚以上,6344
2026-08-13,3083,○,M0009,52,2,たい焼き推定 / 実獲得1000枚以上,2331
2026-08-13,3084,○,M0010,46,1,たい焼き推定,5761
2026-08-13,3085,×,M0011,31,0,,
2026-08-13,3086,○,M0012,56,4,たい焼き推定 / 実獲得1000枚以上,2676
2026-08-13,3087,○,M0013,63,4,たい焼き推定 / 実獲得1000枚以上,1591
2026-08-13,3150,○,M0014,65,1,実獲得1000枚以上,1031
2026-08-13,3151,○,M0015,77,2,たい焼き推定,6440
2026-08-13,3152,○,M0016,52,2,たい焼き推定 / 実獲得1000枚以上,4069
2026-08-13,3153,○,M0017,53,1,たい焼き推定,3167
2026-08-13,3154,○,M0018,64,2,たい焼き推定,2926
2026-08-13,3155,○,M0019,57,4,たい焼き推定,3040
2026-08-13,3156,×,M0020,31,0,,
2026-08-13,3157,○,M0021,53,1,実獲得1000枚以上,1425
2026-08-13,3158,○,M0022,55,3,たい焼き推定 / 実獲得1000枚以上,3971
2026-08-13,3159,○,M0023,58,1,実獲得1000枚以上,1374
2026-08-13,3160,○,M0024,80,4,たい焼き推定 / 実獲得1000枚以上,3590
2026-08-13,3161,○,M0025,66,3,たい焼き推定 / 実獲得1000枚以上,4837
2026-08-13,3162,○,M0026,50,1,実獲得1000枚以上,1269
2026-08-13,3163,○,M0027,59,2,たい焼き推定 / 実獲得1000枚以上,1802
2026-08-13,3164,○,M0028,74,3,たい焼き推定 / 実獲得1000枚以上,2745
2026-08-13,3165,○,M0029,64,4,たい焼き推定 / 実獲得1000枚以上 / ST3連かつAT400枚以上,2113
2026-08-13,3166,○,M0030,64,2,たい焼き推定 / ST3連かつAT400枚以上,2972
2026-08-14,3075,○,M0001,46,1,たい焼き推定,2394
2026-08-14,3076,○,M0002,70,4,たい焼き推定,3185
2026-08-14,3077,○,M0003,52,1,たい焼き推定,6515
2026-08-14,3078,○,M0004,69,4,たい焼き推定 / 実獲得1000枚以上 / ST3連かつAT400枚以上,2681
2026-08-14,3079,○,M0005,79,2,たい焼き推定,3723
2026-08-14,3080,○,M0006,73,5,たい焼き推定 / 実獲得1000枚以上,3095
2026-08-14,3081,○,M0007,73,4,たい焼き推定 / 実獲得1000枚以上,4785
2026-08-14,3082,○,M0008,55,3,実獲得1000枚以上,1321
2026-08-14,3083,○,M0009,47,3,たい焼き推定 / ST3連かつAT400枚以上,3015
2026-08-14,3084,○,M0010,46,1,たい焼き推定,4021
2026-08-14,3085,○,M0011,55,3,たい焼き推定 / 実獲得1000枚以上,2412
2026-08-14,3086,○,M0012,62,3,たい焼き推定 / ST3連かつAT400枚以上,2577
2026-08-14,3087,○,M0013,35,2,たい焼き推定 / ST3連かつAT400枚以上,2537
2026-08-14,3150,○,M0014,46,3,たい焼き推定 / 実獲得1000枚以上 / ST3連かつAT400枚以上,2806
2026-08-14,3151,○,M0015,45,1,たい焼き推定,3275
2026-08-14,3152,○,M0016,56,1,たい焼き推定,8768
2026-08-14,3153,○,M0017,42,1,実獲得1000枚以上,1047
2026-08-14,3154,○,M0018,71,3,たい焼き推定,5525
2026-08-14,3155,○,M0019,71,3,たい焼き推定 / 実獲得1000枚以上 / ST3連かつAT400枚以上,1988
2026-08-14,3156,○,M0020,66,2,たい焼き推定,7274
2026-08-14,3157,○,M0021,64,3,たい焼き推定,4108
2026-08-14,3158,○,M0022,80,4,たい焼き推定 / 実獲得1000枚以上 / ST3連かつAT400枚以上,8154
2026-08-14,3159,○,M0023,76,5,たい焼き推定,4383
2026-08-14,3160,○,M0024,52,1,たい焼き推定,5575
2026-08-14,3161,○,M0025,96,5,たい焼き推定,7318
2026-08-14,3162,○,M0026,64,5,たい焼き推定 / 実獲得1000枚以上,4131
2026-08-14,3163,○,M0027,70,4,たい焼き推定 / 実獲得1000枚以上 / ST3連かつAT400枚以上,3107
2026-08-14,3164,○,M0028,56,3,実獲得1000枚以上,1213
2026-08-14,3165,○,M0029,42,2,たい焼き推定 / ST3連かつAT400枚以上,3985
2026-08-14,3166,○,M0030,65,4,たい焼き推定 / ST3連かつAT400枚以上,6089
2026-08-15,3075,○,M0001,66,1,たい焼き推定,1919
2026-08-15,3076,○,M0002,72,4,たい焼き推定 / 実獲得1000枚以上,7090
2026-08-15,3077,○,M0003,39,1,実獲得1000枚以上,1010
2026-08-15,3078,○,M0004,61,4,たい焼き推定 / 実獲得1000枚以上,3156
2026-08-15,3079,○,M0005,51,3,たい焼き推定 / 実獲得1000枚以上,2092
2026-08-15,3080,×,M0006,55,0,,
2026-08-15,3081,○,M0007,45,2,実獲得1000枚以上,1444
2026-08-15,3082,○,M0008,83,3,たい焼き推定,5298
2026-08-15,3083,×,M0009,35,0,,
2026-08-15,3084,○,M0010,61,3,たい焼き推定 / 実獲得1000枚以上,5454
2026-08-15,3085,○,M0011,78,2,たい焼き推定 / 実獲得1000枚以上,13917
2026-08-15,3086,○,M0012,62,3,たい焼き推定 / 実獲得1000枚以上,3925
2026-08-15,3087,○,M0013,91,6,たい焼き推定 / 実獲得1000枚以上,4564
2026-08-15,3150,○,M0014,64,1,たい焼き推定,6351
2026-08-15,3151,○,M0015,60,5,たい焼き推定 / 実獲得1000枚以上,2795
2026-08-15,3152,○,M0016,36,1,実獲得1000枚以上,1005
2026-08-15,3153,○,M0017,69,4,たい焼き推定,5463
2026-08-15,3154,○,M0018,72,3,たい焼き推定,3133
2026-08-15,3155,○,M0019,79,2,たい焼き推定,5465
2026-08-15,3156,○,M0020,98,5,たい焼き推定 / 実獲得1000枚以上,8840
2026-08-15,3157,○,M0021,49,2,たい焼き推定,2762
2026-08-15,3158,○,M0022,80,6,たい焼き推定 / 実獲得1000枚以上,2722
2026-08-15,3159,○,M0023,79,3,たい焼き推定,7207
2026-08-15,3160,○,M0024,54,2,たい焼き推定 / ST3連かつAT400枚以上,8183
2026-08-15,3161,×,M0025,42,0,,
2026-08-15,3162,○,M0026,79,5,たい焼き推定 / 実獲得1000枚以上,3977
2026-08-15,3163,○,M0027,47,2,実獲得1000枚以上 / ST3連かつAT400枚以上,3057
2026-08-15,3164,○,M0028,37,1,たい焼き推定,2365
2026-08-15,3165,○,M0029,70,2,たい焼き推定,3276
2026-08-15,3166,○,M0030,52,2,たい焼き推定 / 実獲得1000枚以上,5019
2026-08-16,3075,○,M0001,60,4,たい焼き推定 / 実獲得1000枚以上,3743
2026-08-16,3076,○,M0002,60,3,たい焼き推定 / 実獲得1000枚以上 / ST3連かつAT400枚以上,4258
2026-08-16,3077,○,M0003,56,2,実獲得1000枚以上 / ST3連かつAT400枚以上,1074
2026-08-16,3078,○,M0004,57,1,たい焼き推定,4309
2026-08-16,3079,×,M0005,52,0,,
2026-08-16,3080,○,M0006,73,5,たい焼き推定 / 実獲得1000枚以上 / ST3連かつAT400枚以上,2736
2026-08-16,3081,○,M0007,53,1,実獲得1000枚以上,1136
2026-08-16,3082,×,M0008,47,0,,
2026-08-16,3083,○,M0009,89,3,たい焼き推定,8235
2026-08-16,3084,○,M0010,66,5,たい焼き推定 / 実獲得1000枚以上,2608
2026-08-16,3085,○,M0011,85,4,たい焼き推定 / 実獲得1000枚以上,3183
2026-08-16,3086,○,M0012,71,3,たい焼き推定 / ST3連かつAT400枚以上,2704
2026-08-16,3087,○,M0013,65,2,たい焼き推定 / 実獲得1000枚以上,2214
2026-08-16,3150,○,M0014,69,3,たい焼き推定 / 実獲得1000枚以上,2587
2026-08-16,3151,○,M0015,58,1,ST3連かつAT400枚以上,948
2026-08-16,3152,○,M0016,74,3,たい焼き推定,4624
2026-08-16,3153,×,M0017,48,0,,
2026-08-16,3154,○,M0018,69,2,たい焼き推定,3167
2026-08-16,3155,○,M0019,37,2,たい焼き推定 / 実獲得1000枚以上,2342
2026-08-16,3156,×,M0020,46,0,,
2026-08-16,3157,○,M0021,70,3,たい焼き推定,3392
2026-08-16,3158,○,M0022,68,3,たい焼き推定 / 実獲得1000枚以上,7722
2026-08-16,3159,○,M0023,64,2,たい焼き推定 / 実獲得1000枚以上,4680
2026-08-16,3160,○,M0024,51,1,実獲得1000枚以上,1133
2026-08-16,3161,○,M0025,33,2,実獲得1000枚以上 / ST3連かつAT400枚以上,1023
2026-08-16,3162,○,M0026,63,3,たい焼き推定 / 実獲得1000枚以上,2776
2026-08-16,3163,○,M0027,96,6,たい焼き推定 / 実獲得1000枚以上,4365
2026-08-16,3164,○,M0028,74,4,たい焼き推定 / 実獲得1000枚以上 / ST3連かつAT400枚以上,1928
2026-08-16,3165,○,M0029,34,1,たい焼き推定,2153
2026-08-16,3166,○,M0030,57,2,たい焼き推定 / 実獲得1000枚以上,3662
2026-08-17,3075,○,M0001,51,2,たい焼き推定 / 実獲得1000枚以上,3224
2026-08-17,3076,○,M0002,52,5,たい焼き推定 / 実獲得1000枚以上,3183
2026-08-17,3077,○,M0003,65,2,たい焼き推定,4817
2026-08-17,3078,○,M0004,48,1,たい焼き推定,1437
2026-08-17,3079,○,M0005,47,1,たい焼き推定,7247
2026-08-17,3080,○,M0006,33,1,実獲得1000枚以上,1210
2026-08-17,3081,○,M0007,87,5,たい焼き推定 / 実獲得1000枚以上,4041
2026-08-17,3082,○,M0008,25,1,たい焼き推定,2886
2026-08-17,3083,○,M0009,34,2,たい焼き推定 / ST3連かつAT400枚以上,2991
2026-08-17,3084,○,M0010,54,3,たい焼き推定 / 実獲得1000枚以上,2559
2026-08-17,3085,×,M0011,26,0,,
2026-08-17,3086,○,M0012,69,2,たい焼き推定,8361
2026-08-17,3087,○,M0013,62,2,たい焼き推定,3195
2026-08-17,3150,○,M0014,36,2,実獲得1000枚以上 / ST3連かつAT400枚以上,1044
2026-08-17,3151,○,M0015,51,3,たい焼き推定 / 実獲得1000枚以上 / ST3連かつAT400枚以上,2838
2026-08-17,3152,○,M0016,51,2,たい焼き推定 / 実獲得1000枚以上,1982
2026-08-17,3153,○,M0017,32,3,たい焼き推定 / 実獲得1000枚以上 / ST3連かつAT400枚以上,2585
2026-08-17,3154,○,M0018,76,5,たい焼き推定 / 実獲得1000枚以上 / ST3連かつAT400枚以上,3778
2026-08-17,3155,×,M0019,14,0,,
2026-08-17,3156,×,M0020,24,0,,
2026-08-17,3157,○,M0021,64,4,たい焼き推定 / ST3連かつAT400枚以上,2780
2026-08-17,3158,×,M0022,30,0,,
2026-08-17,3159,×,M0023,21,0,,
2026-08-17,3160,○,M0024,52,2,たい焼き推定 / 実獲得1000枚以上,5190
2026-08-17,3161,○,M0025,40,3,たい焼き推定 / 実獲得1000枚以上 / ST3連かつAT400枚以上,2054
2026-08-17,3162,×,M0026,35,0,,
2026-08-17,3163,×,M0027,35,0,,
2026-08-17,3164,×,M0028,19,0,,
2026-08-17,3165,○,M0029,37,1,たい焼き推定,2408
2026-08-17,3166,○,M0030,57,4,たい焼き推定 / 実獲得1000枚以上 / ST3連かつAT400枚以上,1909
2026-08-18,3075,○,M0001,13,1,実獲得1000枚以上,1123
2026-08-18,3076,○,M0002,17,1,ST3連かつAT400枚以上,991
2026-08-18,3077,○,M0003,22,1,たい焼き推定,3281
2026-08-18,3078,○,M0004,16,1,たい焼き推定,2190
2026-08-18,3079,×,M0005,18,0,,
2026-08-18,3080,×,M0006,20,0,,
2026-08-18,3081,○,M0007,23,2,たい焼き推定,2823
2026-08-18,3082,×,M0008,21,0,,
2026-08-18,3083,○,M0009,18,1,たい焼き推定,3532
2026-08-18,3084,×,M0010,17,0,,
2026-08-18,3085,○,M0011,18,1,ST3連かつAT400枚以上,997
2026-08-18,3086,○,M0012,25,1,たい焼き推定,4835
2026-08-18,3087,×,M0013,18,0,,
2026-08-18,3150,○,M0014,30,1,たい焼き推定,7130
2026-08-18,3151,×,M0015,23,0,,
2026-08-18,3152,×,M0016,15,0,,
2026-08-18,3153,○,M0017,21,1,たい焼き推定,2118
2026-08-18,3154,×,M0018,5,0,,
2026-08-18,3155,○,M0019,30,2,たい焼き推定,4269
2026-08-18,3156,○,M0020,15,2,実獲得1000枚以上,1089
2026-08-18,3157,×,M0021,19,0,,
2026-08-18,3158,○,M0022,10,1,実獲得1000枚以上,1039
2026-08-18,3159,×,M0023,6,0,,
2026-08-18,3160,×,M0024,10,0,,
2026-08-18,3161,×,M0025,21,0,,
2026-08-18,3162,○,M0026,11,1,たい焼き推定,1721
2026-08-18,3163,×,M0027,11,0,,
2026-08-18,3164,×,M0028,12,0,,
2026-08-18,3165,○,M0029,19,1,たい焼き推定,2358
2026-08-18,3166,×,M0030,21,0,,
2026-08-19,3075,○,M0001,38,1,たい焼き推定,2615
2026-08-19,3076,○,M0002,25,1,たい焼き推定,1718
2026-08-19,3077,×,M0003,9,0,,
2026-08-19,3078,○,M0004,22,1,実獲得1000枚以上,1204
2026-08-19,3079,○,M0005,30,1,ST3連かつAT400枚以上,867
2026-08-19,3080,○,M0006,25,1,たい焼き推定,2402
2026-08-19,3081,×,M0007,19,0,,
2026-08-19,3082,○,M0008,14,1,実獲得1000枚以上,1135
2026-08-19,3083,○,M0009,53,1,たい焼き推定,4782
2026-08-19,3084,○,M0010,31,2,たい焼き推定 / 実獲得1000枚以上,2544
2026-08-19,3085,○,M0011,40,2,たい焼き推定 / ST3連かつAT400枚以上,2412
2026-08-19,3086,○,M0012,35,2,実獲得1000枚以上 / ST3連かつAT400枚以上,1043
2026-08-19,3087,○,M0013,37,1,実獲得1000枚以上,1087
2026-08-19,3150,○,M0014,48,1,実獲得1000枚以上,1040
2026-08-19,3151,○,M0015,48,1,たい焼き推定,3231
2026-08-19,3152,○,M0016,32,2,たい焼き推定 / 実獲得1000枚以上,5769
2026-08-19,3153,○,M0017,40,2,たい焼き推定,4174
2026-08-19,3154,×,M0018,30,0,,
2026-08-19,3155,○,M0019,12,1,実獲得1000枚以上,1266
2026-08-19,3156,×,M0020,17,0,,
2026-08-19,3157,○,M0021,55,3,たい焼き推定 / 実獲得1000枚以上,2476
2026-08-19,3158,○,M0022,29,1,たい焼き推定,1585
2026-08-19,3159,×,M0023,22,0,,
2026-08-19,3160,○,M0024,39,1,ST3連かつAT400枚以上,957
2026-08-19,3161,○,M0025,38,2,たい焼き推定 / 実獲得1000枚以上,4925
2026-08-19,3162,○,M0026,63,3,たい焼き推定 / ST3連かつAT400枚以上,8934
2026-08-19,3163,○,M0027,11,1,たい焼き推定,2010
2026-08-19,3164,○,M0028,24,2,たい焼き推定 / ST3連かつAT400枚以上,2963
2026-08-19,3165,○,M0029,25,2,たい焼き推定,2918
2026-08-19,3166,○,M0030,18,2,たい焼き推定 / 実獲得1000枚以上,2577
2026-08-20,3075,○,M0001,16,1,ST3連かつAT400枚以上,891
2026-08-20,3076,○,M0002,30,2,たい焼き推定 / ST3連かつAT400枚以上,2037
2026-08-20,3077,○,M0003,12,1,実獲得1000枚以上,1004
2026-08-20,3078,○,M0004,31,1,実獲得1000枚以上,1049
2026-08-20,3079,○,M0005,90,3,たい焼き推定 / 実獲得1000枚以上,3073
2026-08-20,3080,○,M0006,70,4,たい焼き推定 / 実獲得1000枚以上 / ST3連かつAT400枚以上,2446
2026-08-20,3081,×,M0007,20,0,,
2026-08-20,3082,○,M0008,30,1,実獲得1000枚以上,1154
2026-08-20,3083,○,M0009,59,3,たい焼き推定 / 実獲得1000枚以上 / ST3連かつAT400枚以上,2451
2026-08-20,3084,×,M0010,13,0,,
2026-08-20,3085,○,M0011,43,2,たい焼き推定 / 実獲得1000枚以上,5034
2026-08-20,3086,×,M0012,32,0,,
2026-08-20,3087,○,M0013,17,1,実獲得1000枚以上,1015
2026-08-20,3150,○,M0014,28,1,ST3連かつAT400枚以上,988
2026-08-20,3151,○,M0015,26,1,ST3連かつAT400枚以上,988
2026-08-20,3152,×,M0016,29,0,,
2026-08-20,3153,○,M0017,25,2,たい焼き推定,2119
2026-08-20,3154,×,M0018,20,0,,
2026-08-20,3155,○,M0019,71,3,たい焼き推定 / 実獲得1000枚以上,6799
2026-08-20,3156,○,M0020,25,2,たい焼き推定 / 実獲得1000枚以上,1530
2026-08-20,3157,○,M0021,59,3,たい焼き推定 / 実獲得1000枚以上,5365
2026-08-20,3158,○,M0022,54,2,たい焼き推定 / 実獲得1000枚以上,1894
2026-08-20,3159,×,M0023,10,0,,
2026-08-20,3160,○,M0024,34,1,ST3連かつAT400枚以上,875
2026-08-20,3161,○,M0025,52,2,たい焼き推定 / ST3連かつAT400枚以上,2818
2026-08-20,3162,○,M0026,35,2,たい焼き推定 / 実獲得1000枚以上,2876
2026-08-20,3163,○,M0027,34,2,実獲得1000枚以上,1169
2026-08-20,3164,○,M0028,44,1,たい焼き推定,2536
2026-08-20,3165,○,M0029,58,2,実獲得1000枚以上,1235
2026-08-20,3166,○,M0030,38,1,実獲得1000枚以上,1014
2026-08-23,3075,○,M0001,76,2,たい焼き推定 / 実獲得1000枚以上,1775
2026-08-23,3076,○,M0002,78,2,たい焼き推定 / 実獲得1000枚以上,3057
2026-08-23,3077,○,M0003,67,2,たい焼き推定 / 実獲得1000枚以上,1636
2026-08-23,3078,○,M0004,75,3,たい焼き推定 / 実獲得1000枚以上,8584
2026-08-23,3079,○,M0005,67,4,たい焼き推定 / 実獲得1000枚以上,8353
2026-08-23,3080,○,M0006,44,1,実獲得1000枚以上,1043
2026-08-23,3081,○,M0007,61,2,たい焼き推定,2885
2026-08-23,3082,○,M0008,72,2,たい焼き推定 / ST3連かつAT400枚以上,4829
2026-08-23,3083,×,M0009,36,0,,
2026-08-23,3084,○,M0010,55,2,たい焼き推定,5254
2026-08-23,3085,×,M0011,31,0,,
2026-08-23,3086,○,M0012,77,4,たい焼き推定 / ST3連かつAT400枚以上,3062
2026-08-23,3087,○,M0013,53,2,たい焼き推定 / 実獲得1000枚以上,1797
2026-08-23,3150,○,M0014,36,1,たい焼き推定,2565
2026-08-23,3151,○,M0015,37,1,たい焼き推定,2404
2026-08-23,3152,○,M0016,58,2,たい焼き推定 / 実獲得1000枚以上,2114
2026-08-23,3153,○,M0017,45,2,実獲得1000枚以上,1115
2026-08-23,3154,○,M0018,34,3,実獲得1000枚以上 / ST3連かつAT400枚以上,1083
2026-08-23,3155,○,M0019,50,2,たい焼き推定 / 実獲得1000枚以上,6580
2026-08-23,3156,○,M0020,54,2,たい焼き推定,2516
2026-08-23,3157,○,M0021,44,2,たい焼き推定,3399
2026-08-23,3158,○,M0022,47,2,たい焼き推定 / 実獲得1000枚以上,2421
2026-08-23,3159,○,M0023,61,3,たい焼き推定 / ST3連かつAT400枚以上,2916
2026-08-23,3160,○,M0024,58,2,たい焼き推定 / ST3連かつAT400枚以上,4481
2026-08-23,3161,○,M0025,61,2,たい焼き推定,2385
2026-08-23,3162,×,M0026,40,0,,
2026-08-23,3163,○,M0027,66,1,たい焼き推定,6382
2026-08-23,3164,○,M0028,44,2,たい焼き推定 / 実獲得1000枚以上,1743
2026-08-23,3165,○,M0029,61,3,たい焼き推定 / ST3連かつAT400枚以上,5126
2026-08-23,3166,○,M0030,87,4,たい焼き推定 / ST3連かつAT400枚以上,3295
2026-08-24,3075,○,M0001,56,3,たい焼き推定 / 実獲得1000枚以上,4321
2026-08-24,3076,○,M0002,51,2,たい焼き推定,3350
2026-08-24,3077,○,M0003,53,3,たい焼き推定 / 実獲得1000枚以上,4807
2026-08-24,3078,○,M0004,59,1,たい焼き推定,2269
2026-08-24,3079,×,M0005,38,0,,
2026-08-24,3080,○,M0006,50,3,たい焼き推定 / 実獲得1000枚以上 / ST3連かつAT400枚以上,3325
2026-08-24,3081,○,M0007,62,3,たい焼き推定 / 実獲得1000枚以上,2419
2026-08-24,3082,○,M0008,54,2,たい焼き推定,2534
2026-08-24,3083,○,M0009,48,1,たい焼き推定,6872
2026-08-24,3084,×,M0010,29,0,,
2026-08-24,3085,○,M0011,74,3,たい焼き推定,7638
2026-08-24,3086,○,M0012,50,2,たい焼き推定 / 実獲得1000枚以上,5067
2026-08-24,3087,○,M0013,39,1,たい焼き推定,5731
2026-08-24,3150,○,M0014,86,3,たい焼き推定 / 実獲得1000枚以上 / ST3連かつAT400枚以上,5002
2026-08-24,3151,○,M0015,70,2,たい焼き推定 / 実獲得1000枚以上,3046
2026-08-24,3152,○,M0016,55,3,たい焼き推定 / 実獲得1000枚以上 / ST3連かつAT400枚以上,1635
2026-08-24,3153,○,M0017,87,3,たい焼き推定 / 実獲得1000枚以上 / ST3連かつAT400枚以上,11533
2026-08-24,3154,○,M0018,39,2,たい焼き推定 / 実獲得1000枚以上,1377
2026-08-24,3155,○,M0019,71,2,たい焼き推定,6817
2026-08-24,3156,○,M0020,45,1,たい焼き推定,2053
2026-08-24,3157,○,M0021,87,2,たい焼き推定 / 実獲得1000枚以上,3324
2026-08-24,3158,○,M0022,71,3,たい焼き推定 / 実獲得1000枚以上 / ST3連かつAT400枚以上,2924
2026-08-24,3159,○,M0023,70,3,たい焼き推定 / 実獲得1000枚以上,3426
2026-08-24,3160,○,M0024,58,3,たい焼き推定,3215
2026-08-24,3161,○,M0025,54,2,たい焼き推定 / ST3連かつAT400枚以上,2653
2026-08-24,3162,○,M0026,67,2,実獲得1000枚以上,1422
2026-08-24,3163,○,M0027,67,5,たい焼き推定 / 実獲得1000枚以上 / ST3連かつAT400枚以上,3977
2026-08-24,3164,○,M0028,49,1,ST3連かつAT400枚以上,856
2026-08-24,3165,○,M0029,63,1,たい焼き推定,2227
2026-08-24,3166,○,M0030,70,3,たい焼き推定,5063
2026-08-25,3075,○,M0001,93,2,たい焼き推定 / 実獲得1000枚以上,1894
2026-08-25,3076,○,M0002,58,4,たい焼き推定,5881
2026-08-25,3077,○,M0003,79,5,たい焼き推定 / 実獲得1000枚以上,6242
2026-08-25,3078,○,M0004,57,2,たい焼き推定,6635
2026-08-25,3079,×,M0005,28,0,,
2026-08-25,3080,○,M0006,34,1,たい焼き推定,3018
2026-08-25,3081,○,M0007,81,5,たい焼き推定 / 実獲得1000枚以上,4627
2026-08-25,3082,○,M0008,70,4,たい焼き推定 / 実獲得1000枚以上,4598
2026-08-25,3083,×,M0009,6,0,,
2026-08-25,3084,○,M0010,48,2,実獲得1000枚以上 / ST3連かつAT400枚以上,1229
2026-08-25,3085,○,M0011,37,3,たい焼き推定 / 実獲得1000枚以上,1488
2026-08-25,3086,○,M0012,60,2,たい焼き推定 / 実獲得1000枚以上,4199
2026-08-25,3087,○,M0013,31,3,たい焼き推定 / 実獲得1000枚以上,3005
2026-08-25,3150,○,M0014,23,3,ST3連かつAT400枚以上,984
2026-08-25,3151,○,M0015,38,2,たい焼き推定 / 実獲得1000枚以上,5799
2026-08-25,3152,○,M0016,48,3,たい焼き推定 / 実獲得1000枚以上,5293
2026-08-25,3153,○,M0017,41,1,たい焼き推定,3408
2026-08-25,3154,×,M0018,22,0,,
2026-08-25,3155,○,M0019,33,1,たい焼き推定,4388
2026-08-25,3156,○,M0020,32,2,たい焼き推定 / 実獲得1000枚以上,2233
2026-08-25,3157,○,M0021,43,1,たい焼き推定,2537
2026-08-25,3158,○,M0022,85,2,たい焼き推定 / 実獲得1000枚以上,6116
2026-08-25,3159,○,M0023,33,2,たい焼き推定,4401
2026-08-25,3160,○,M0024,27,1,ST3連かつAT400枚以上,985
2026-08-25,3161,○,M0025,37,2,たい焼き推定 / ST3連かつAT400枚以上,2103
2026-08-25,3162,×,M0026,29,0,,
2026-08-25,3163,○,M0027,20,1,たい焼き推定,1723
2026-08-25,3164,○,M0028,36,2,たい焼き推定 / 実獲得1000枚以上,3921
2026-08-25,3165,○,M0029,66,3,たい焼き推定,4404
2026-08-25,3166,○,M0030,39,3,たい焼き推定 / 実獲得1000枚以上,3156
2026-08-26,3075,○,M0001,55,2,たい焼き推定,3397
2026-08-26,3076,×,M0002,16,0,,
2026-08-26,3077,○,M0003,51,1,たい焼き推定,6736
2026-08-26,3078,○,M0004,32,1,たい焼き推定,2050
2026-08-26,3079,○,M0005,62,4,たい焼き推定 / 実獲得1000枚以上 / ST3連かつAT400枚以上,4745
2026-08-26,3080,○,M0006,62,2,実獲得1000枚以上,1420
2026-08-26,3081,○,M0007,49,4,たい焼き推定 / 実獲得1000枚以上,2927
2026-08-26,3082,○,M0008,50,2,実獲得1000枚以上,2034
2026-08-26,3083,○,M0009,45,3,たい焼き推定 / 実獲得1000枚以上,2638
2026-08-26,3084,○,M0010,14,1,ST3連かつAT400枚以上,990
2026-08-26,3085,○,M0011,23,1,ST3連かつAT400枚以上,957
2026-08-26,3086,×,M0012,17,0,,
2026-08-26,3087,○,M0013,34,2,たい焼き推定 / 実獲得1000枚以上,2965
2026-08-26,3150,×,M0014,51,0,,
2026-08-26,3151,○,M0015,32,2,たい焼き推定 / 実獲得1000枚以上,2799
2026-08-26,3152,○,M0016,39,2,たい焼き推定,2894
2026-08-26,3153,○,M0017,65,4,たい焼き推定 / ST3連かつAT400枚以上,3193
2026-08-26,3154,○,M0018,23,1,実獲得1000枚以上,1041
2026-08-26,3155,×,M0019,24,0,,
2026-08-26,3156,○,M0020,69,3,たい焼き推定,5774
2026-08-26,3157,○,M0021,55,2,たい焼き推定,4777
2026-08-26,3158,○,M0022,56,2,たい焼き推定,2188
2026-08-26,3159,×,M0023,21,0,,
2026-08-26,3160,○,M0024,63,1,ST3連かつAT400枚以上,986
2026-08-26,3161,○,M0025,110,4,たい焼き推定,7715
2026-08-26,3162,○,M0026,38,2,実獲得1000枚以上 / ST3連かつAT400枚以上,1014
2026-08-26,3163,○,M0027,27,1,たい焼き推定,1038
2026-08-26,3164,○,M0028,44,4,たい焼き推定 / 実獲得1000枚以上,5720
2026-08-26,3165,○,M0029,48,2,実獲得1000枚以上,1305
2026-08-26,3166,○,M0030,34,1,実獲得1000枚以上,1440
2026-08-27,3075,×,M0001,20,0,,
2026-08-27,3076,○,M0002,24,1,ST3連かつAT400枚以上,994
2026-08-27,3077,×,M0003,26,0,,
2026-08-27,3078,×,M0004,9,0,,
2026-08-27,3079,○,M0005,39,1,実獲得1000枚以上,1171
2026-08-27,3080,○,M0006,46,1,たい焼き推定,4614
2026-08-27,3081,○,M0007,44,1,たい焼き推定,2403
2026-08-27,3082,○,M0008,43,1,たい焼き推定,2021
2026-08-27,3083,○,M0009,27,2,たい焼き推定 / ST3連かつAT400枚以上,3298
2026-08-27,3084,×,M0010,7,0,,
2026-08-27,3085,○,M0011,29,1,実獲得1000枚以上,1218
2026-08-27,3086,×,M0012,29,0,,
2026-08-27,3087,○,M0013,8,1,ST3連かつAT400枚以上,949
2026-08-27,3150,○,M0014,43,3,たい焼き推定 / 実獲得1000枚以上,3136
2026-08-27,3151,○,M0015,63,2,たい焼き推定,4226
2026-08-27,3152,○,M0016,41,1,実獲得1000枚以上,1491
2026-08-27,3153,×,M0017,16,0,,
2026-08-27,3154,×,M0018,24,0,,
2026-08-27,3155,×,M0019,15,0,,
2026-08-27,3156,○,M0020,39,1,ST3連かつAT400枚以上,823
2026-08-27,3157,○,M0021,28,1,実獲得1000枚以上,1986
2026-08-27,3158,×,M0022,3,0,,
2026-08-27,3159,×,M0023,27,0,,
2026-08-27,3160,○,M0024,26,1,実獲得1000枚以上,1386
2026-08-27,3161,○,M0025,16,1,実獲得1000枚以上,1160
2026-08-27,3162,×,M0026,27,0,,
2026-08-27,3163,○,M0027,30,1,たい焼き推定,1611
2026-08-27,3164,○,M0028,33,3,実獲得1000枚以上,1555
2026-08-27,3165,×,M0029,12,0,,
2026-08-27,3166,○,M0030,57,1,たい焼き推定,3998
2026-08-28,3075,○,M0001,26,1,ST3連かつAT400枚以上,981
2026-08-28,3076,○,M0002,31,1,たい焼き推定,3400
2026-08-28,3077,○,M0003,89,4,たい焼き推定 / 実獲得1000枚以上,3417
2026-08-28,3078,○,M0004,28,1,たい焼き推定,2709
2026-08-28,3079,○,M0005,88,3,たい焼き推定 / 実獲得1000枚以上,8300
2026-08-28,3080,○,M0006,48,2,たい焼き推定,4568
2026-08-28,3081,○,M0007,51,2,たい焼き推定 / ST3連かつAT400枚以上,2033
2026-08-28,3082,○,M0008,43,2,たい焼き推定 / 実獲得1000枚以上,1871
2026-08-28,3083,○,M0009,50,2,たい焼き推定 / 実獲得1000枚以上,4012
2026-08-28,3084,○,M0010,16,1,実獲得1000枚以上,1099
2026-08-28,3085,○,M0011,29,1,実獲得1000枚以上,1035
2026-08-28,3086,×,M0012,27,0,,
2026-08-28,3087,○,M0013,54,2,実獲得1000枚以上,1332
2026-08-28,3150,○,M0014,56,3,たい焼き推定 / 実獲得1000枚以上,2685
2026-08-28,3151,○,M0015,58,3,たい焼き推定 / 実獲得1000枚以上,4511
2026-08-28,3152,○,M0016,23,1,実獲得1000枚以上,1037
2026-08-28,3153,○,M0017,49,1,たい焼き推定,3566
2026-08-28,3154,×,M0018,19,0,,
2026-08-28,3155,○,M0019,45,2,たい焼き推定 / 実獲得1000枚以上,3277
2026-08-28,3156,×,M0020,24,0,,
2026-08-28,3157,○,M0021,73,4,たい焼き推定 / 実獲得1000枚以上,8963
2026-08-28,3158,○,M0022,70,3,たい焼き推定,2993
2026-08-28,3159,×,M0023,20,0,,
2026-08-28,3160,○,M0024,78,5,たい焼き推定 / 実獲得1000枚以上 / ST3連かつAT400枚以上,9307
2026-08-28,3161,○,M0025,26,1,実獲得1000枚以上,1217
2026-08-28,3162,○,M0026,37,2,たい焼き推定 / ST3連かつAT400枚以上,4706
2026-08-28,3163,○,M0027,77,1,たい焼き推定,4685
2026-08-28,3164,○,M0028,27,1,ST3連かつAT400枚以上,947
2026-08-28,3165,○,M0029,41,2,たい焼き推定 / ST3連かつAT400枚以上,6565
2026-08-28,3166,○,M0030,74,1,たい焼き推定,2724
2026-08-29,3075,○,M0001,82,2,たい焼き推定 / 実獲得1000枚以上,1786
2026-08-29,3076,○,M0002,52,1,たい焼き推定,3139
2026-08-29,3077,○,M0003,81,2,たい焼き推定,7524
2026-08-29,3078,○,M0004,84,5,たい焼き推定,4684
2026-08-29,3079,○,M0005,67,5,たい焼き推定 / 実獲得1000枚以上 / ST3連かつAT400枚以上,3050
2026-08-29,3080,○,M0006,57,2,たい焼き推定,1920
2026-08-29,3081,○,M0007,63,2,たい焼き推定,4660
2026-08-29,3082,○,M0008,68,1,ST3連かつAT400枚以上,861
2026-08-29,3083,○,M0009,60,4,たい焼き推定 / 実獲得1000枚以上,2307
2026-08-29,3084,○,M0010,81,4,たい焼き推定 / 実獲得1000枚以上,5298
2026-08-29,3085,○,M0011,42,1,実獲得1000枚以上,1226
2026-08-29,3086,○,M0012,70,1,実獲得1000枚以上,1035
2026-08-29,3087,○,M0013,71,3,たい焼き推定 / ST3連かつAT400枚以上,5843
2026-08-29,3150,○,M0014,84,4,たい焼き推定 / 実獲得1000枚以上 / ST3連かつAT400枚以上,3753
2026-08-29,3151,○,M0015,41,2,たい焼き推定 / 実獲得1000枚以上,2174
2026-08-29,3152,○,M0016,76,5,たい焼き推定 / 実獲得1000枚以上,3161
2026-08-29,3153,○,M0017,77,3,たい焼き推定 / 実獲得1000枚以上,3156
2026-08-29,3154,×,M0018,51,0,,
2026-08-29,3155,○,M0019,56,2,実獲得1000枚以上,1248
2026-08-29,3156,○,M0020,72,2,たい焼き推定 / 実獲得1000枚以上,2392
2026-08-29,3157,○,M0021,55,2,たい焼き推定 / ST3連かつAT400枚以上,3365
2026-08-29,3158,○,M0022,58,2,実獲得1000枚以上,1316
2026-08-29,3159,○,M0023,59,2,たい焼き推定 / 実獲得1000枚以上,5365
2026-08-29,3160,○,M0024,90,3,たい焼き推定 / 実獲得1000枚以上,3278
2026-08-29,3161,○,M0025,90,5,たい焼き推定 / 実獲得1000枚以上,5549
2026-08-29,3162,○,M0026,56,1,実獲得1000枚以上,1011
2026-08-29,3163,○,M0027,62,1,実獲得1000枚以上,1100
2026-08-29,3164,○,M0028,64,2,たい焼き推定 / ST3連かつAT400枚以上,3058
2026-08-29,3165,○,M0029,62,1,実獲得1000枚以上,1426
2026-08-29,3166,○,M0030,64,4,たい焼き推定 / ST3連かつAT400枚以上,3336
2026-08-30,3075,○,M0001,69,1,実獲得1000枚以上,1022
2026-08-30,3076,○,M0002,87,1,実獲得1000枚以上,1188
2026-08-30,3077,○,M0003,77,3,たい焼き推定,5932
2026-08-30,3078,○,M0004,73,4,たい焼き推定 / 実獲得1000枚以上 / ST3連かつAT400枚以上,5127
2026-08-30,3079,○,M0005,72,2,たい焼き推定 / ST3連かつAT400枚以上,8029
2026-08-30,3080,○,M0006,67,5,たい焼き推定 / 実獲得1000枚以上,4295
2026-08-30,3081,○,M0007,100,6,たい焼き推定 / 実獲得1000枚以上 / ST3連かつAT400枚以上,4962
2026-08-30,3082,○,M0008,53,3,たい焼き推定,2715
2026-08-30,3083,○,M0009,63,4,たい焼き推定 / 実獲得1000枚以上 / ST3連かつAT400枚以上,3322
2026-08-30,3084,○,M0010,68,1,実獲得1000枚以上,1031
2026-08-30,3085,○,M0011,82,5,たい焼き推定 / 実獲得1000枚以上 / ST3連かつAT400枚以上,5150
2026-08-30,3086,×,M0012,59,0,,
2026-08-30,3087,○,M0013,69,1,たい焼き推定,11194
2026-08-30,3150,○,M0014,97,6,たい焼き推定 / 実獲得1000枚以上 / ST3連かつAT400枚以上,4831
2026-08-30,3151,○,M0015,53,1,たい焼き推定,4343
2026-08-30,3152,○,M0016,60,1,たい焼き推定,1753
2026-08-30,3153,○,M0017,52,3,たい焼き推定 / 実獲得1000枚以上,2720
2026-08-30,3154,○,M0018,85,4,たい焼き推定 / 実獲得1000枚以上,5535
2026-08-30,3155,○,M0019,74,3,たい焼き推定 / ST3連かつAT400枚以上,6710
2026-08-30,3156,○,M0020,60,2,たい焼き推定,2399
2026-08-30,3157,○,M0021,66,3,実獲得1000枚以上 / ST3連かつAT400枚以上,1203
2026-08-30,3158,○,M0022,66,3,たい焼き推定 / ST3連かつAT400枚以上,2635
2026-08-30,3159,○,M0023,50,1,たい焼き推定,2081
2026-08-30,3160,○,M0024,87,4,たい焼き推定 / ST3連かつAT400枚以上,3204
2026-08-30,3161,○,M0025,65,2,たい焼き推定,7401
2026-08-30,3162,○,M0026,49,3,たい焼き推定 / ST3連かつAT400枚以上,2231
2026-08-30,3163,○,M0027,87,4,たい焼き推定 / ST3連かつAT400枚以上,5255
2026-08-30,3164,○,M0028,72,1,たい焼き推定,3359
2026-08-30,3165,×,M0029,38,0,,
2026-08-30,3166,○,M0030,91,3,たい焼き推定 / ST3連かつAT400枚以上,2126
2026-08-31,3075,○,M0001,72,5,たい焼き推定 / 実獲得1000枚以上,5014
2026-08-31,3076,○,M0002,91,5,たい焼き推定 / 実獲得1000枚以上 / ST3連かつAT400枚以上,7719
2026-08-31,3077,○,M0003,73,3,たい焼き推定 / ST3連かつAT400枚以上,3177
2026-08-31,3078,○,M0004,58,2,たい焼き推定 / 実獲得1000枚以上,2577
2026-08-31,3079,○,M0005,76,6,たい焼き推定 / 実獲得1000枚以上 / ST3連かつAT400枚以上,3941
2026-08-31,3080,×,M0006,70,0,,
2026-08-31,3081,○,M0007,83,5,たい焼き推定 / 実獲得1000枚以上,4937
2026-08-31,3082,○,M0008,70,3,たい焼き推定 / ST3連かつAT400枚以上,3034
2026-08-31,3083,○,M0009,57,1,実獲得1000枚以上,1170
2026-08-31,3084,○,M0010,77,3,たい焼き推定 / 実獲得1000枚以上,3178
2026-08-31,3085,○,M0011,48,2,たい焼き推定 / ST3連かつAT400枚以上,3195
2026-08-31,3086,○,M0012,55,2,実獲得1000枚以上 / ST3連かつAT400枚以上,1040
2026-08-31,3087,○,M0013,70,4,たい焼き推定 / ST3連かつAT400枚以上,2814
2026-08-31,3150,○,M0014,62,2,たい焼き推定 / 実獲得1000枚以上,12341
2026-08-31,3151,○,M0015,55,2,たい焼き推定 / 実獲得1000枚以上,2466
2026-08-31,3152,○,M0016,53,2,たい焼き推定 / 実獲得1000枚以上,4962
2026-08-31,3153,×,M0017,33,0,,
2026-08-31,3154,○,M0018,75,1,たい焼き推定,1857
2026-08-31,3155,○,M0019,62,2,たい焼き推定,3178
2026-08-31,3156,×,M0020,64,0,,
2026-08-31,3157,○,M0021,82,2,たい焼き推定,6460
2026-08-31,3158,○,M0022,74,6,たい焼き推定 / 実獲得1000枚以上,3302
2026-08-31,3159,○,M0023,82,2,たい焼き推定 / 実獲得1000枚以上,14597
2026-08-31,3160,○,M0024,76,3,たい焼き推定,5255
2026-08-31,3161,○,M0025,82,3,たい焼き推定 / 実獲得1000枚以上,8939
2026-08-31,3162,○,M0026,64,3,たい焼き推定,6902
2026-08-31,3163,○,M0027,75,2,たい焼き推定 / 実獲得1000枚以上,6970
2026-08-31,3164,○,M0028,59,1,たい焼き推定,1742
2026-08-31,3165,○,M0029,96,4,たい焼き推定 / 実獲得1000枚以上,4597
2026-08-31,3166,○,M0030,72,3,たい焼き推定 / 実獲得1000枚以上,4933
2026-09-01,3075,○,M0001,43,2,たい焼き推定,5490
2026-09-01,3076,○,M0002,54,3,たい焼き推定 / ST3連かつAT400枚以上,6125
2026-09-01,3077,×,M0003,20,0,,
2026-09-01,3078,○,M0004,36,2,たい焼き推定,2884
2026-09-01,3079,×,M0005,17,0,,
2026-09-01,3080,○,M0006,28,1,ST3連かつAT400枚以上,977
2026-09-01,3081,○,M0007,18,1,ST3連かつAT400枚以上,918
2026-09-01,3082,×,M0008,17,0,,
2026-09-01,3083,○,M0009,30,2,実獲得1000枚以上 / ST3連かつAT400枚以上,1204
2026-09-01,3084,○,M0010,15,1,実獲得1000枚以上,1041
2026-09-01,3085,○,M0011,36,2,実獲得1000枚以上,1184
2026-09-01,3086,○,M0012,25,2,たい焼き推定 / 実獲得1000枚以上,3233
2026-09-01,3087,○,M0013,31,3,たい焼き推定 / 実獲得1000枚以上,1652
2026-09-01,3150,○,M0014,33,2,たい焼き推定 / 実獲得1000枚以上,2067
2026-09-01,3151,×,M0015,34,0,,
2026-09-01,3152,○,M0016,19,1,実獲得1000枚以上,1210
2026-09-01,3153,○,M0017,30,1,たい焼き推定,4613
2026-09-01,3154,○,M0018,27,1,たい焼き推定,2562
2026-09-01,3155,×,M0019,7,0,,
2026-09-01,3156,○,M0020,44,2,たい焼き推定 / 実獲得1000枚以上,1801
2026-09-01,3157,○,M0021,32,2,たい焼き推定 / 実獲得1000枚以上,2022
2026-09-01,3158,○,M0022,33,2,実獲得1000枚以上 / ST3連かつAT400枚以上,1042
2026-09-01,3159,○,M0023,48,3,たい焼き推定 / 実獲得1000枚以上,3060
2026-09-01,3160,×,M0024,28,0,,
2026-09-01,3161,○,M0025,47,2,たい焼き推定,6339
2026-09-01,3162,○,M0026,29,1,たい焼き推定,2519
2026-09-01,3163,×,M0027,21,0,,
2026-09-01,3164,○,M0028,53,5,たい焼き推定 / 実獲得1000枚以上,4519
2026-09-01,3165,○,M0029,33,3,たい焼き推定 / 実獲得1000枚以上,2644
2026-09-01,3166,○,M0030,27,1,実獲得1000枚以上,1048
