store_id,model_id,data_date,machine_count,zone_150g,zone_250g,zone_450g,zone_650g,over_zone_650g,zone_1000g,over_3time_single,zone_special
100928,1,2026-08-12,30,8,24,3,17,16,13,14,11
100928,1,2026-08-13,30,10,30,3,20,29,18,29,13
100928,1,2026-08-14,30,13,29,3,23,29,21,26,16
100928,1,2026-08-15,30,10,35,2,23,28,32,24,12
100928,1,2026-08-16,30,14,39,3,26,23,20,26,17
100928,1,2026-08-17,30,7,21,3,22,15,13,14,10
100928,1,2026-08-18,30,3,12,0,4,7,3,4,3
100928,1,2026-08-19,30,2,15,2,11,9,12,10,4
100928,1,2026-08-20,30,6,16,4,19,22,11,20,10
