machine_code,unit_number,data_date,event_seq,event_type,jackpot_no,sampled_at_jst,start_count,payout,consumption,delta,cum_games,slump_value
M0001,3075,2026-08-12,1,BB,1,2026-08-12T10:33:00+09:00,354,81,590.0000,-509.0000,354,-509.0000
M0001,3075,2026-08-12,2,ART,0,2026-08-12T10:35:00+09:00,0,-2,0.0000,-2.0000,354,-511.0000
M0001,3075,2026-08-12,3,BB,2,2026-08-12T10:39:00+09:00,40,87,66.6667,20.3333,394,-490.6667
M0001,3075,2026-08-12,4,ART,0,2026-08-12T10:39:00+09:00,1,0,1.6667,-1.6667,395,-492.3333
M0001,3075,2026-08-12,5,BB,3,2026-08-12T10:45:00+09:00,3,171,5.0000,166.0000,398,-326.3333
M0001,3075,2026-08-12,6,BB,4,2026-08-12T11:36:00+09:00,685,87,1141.6667,-1054.6667,1083,-1381.0000
M0001,3075,2026-08-12,7,ART,0,2026-08-12T11:37:00+09:00,0,-2,0.0000,-2.0000,1083,-1383.0000
M0001,3075,2026-08-12,8,BB,5,2026-08-12T11:52:00+09:00,199,207,331.6667,-124.6667,1282,-1507.6667
M0001,3075,2026-08-12,9,ART,0,2026-08-12T11:54:00+09:00,1,-2,1.6667,-3.6667,1283,-1511.3333
M0001,3075,2026-08-12,10,BB,6,2026-08-12T11:55:00+09:00,4,164,6.6667,157.3333,1287,-1354.0000
M0001,3075,2026-08-12,11,BB,7,2026-08-12T11:59:00+09:00,5,316,8.3333,307.6667,1292,-1046.3333
M0001,3075,2026-08-12,12,BB,8,2026-08-12T12:04:00+09:00,13,85,21.6667,63.3333,1305,-983.0000
M0001,3075,2026-08-12,13,BB,9,2026-08-12T12:08:00+09:00,43,85,71.6667,13.3333,1348,-969.6667
M0001,3075,2026-08-12,14,ART,0,2026-08-12T12:09:00+09:00,1,-2,1.6667,-3.6667,1349,-973.3333
M0001,3075,2026-08-12,15,BB,10,2026-08-12T12:11:00+09:00,4,449,6.6667,442.3333,1353,-531.0000
M0001,3075,2026-08-12,16,BB,11,2026-08-12T12:46:00+09:00,397,87,661.6667,-574.6667,1750,-1105.6667
M0001,3075,2026-08-12,17,ART,0,2026-08-12T12:47:00+09:00,0,-2,0.0000,-2.0000,1750,-1107.6667
M0001,3075,2026-08-12,18,BB,12,2026-08-12T14:14:00+09:00,1032,87,1720.0000,-1633.0000,2782,-2740.6667
M0001,3075,2026-08-12,19,ART,0,2026-08-12T14:14:00+09:00,1,-2,1.6667,-3.6667,2783,-2744.3333
M0001,3075,2026-08-12,20,BB,13,2026-08-12T15:28:00+09:00,1028,87,1713.3333,-1626.3333,3811,-4370.6667
M0001,3075,2026-08-12,21,ART,0,2026-08-12T15:28:00+09:00,1,-2,1.6667,-3.6667,3812,-4374.3333
M0001,3075,2026-08-12,22,BB,14,2026-08-12T15:29:00+09:00,8,318,13.3333,304.6667,3820,-4069.6667
M0001,3075,2026-08-12,23,BB,15,2026-08-12T15:32:00+09:00,7,249,11.6667,237.3333,3827,-3832.3333
M0001,3075,2026-08-12,24,BB,16,2026-08-12T15:35:00+09:00,6,167,10.0000,157.0000,3833,-3675.3333
M0001,3075,2026-08-12,25,BB,17,2026-08-12T17:41:00+09:00,70,85,116.6667,-31.6667,3903,-3707.0000
M0001,3075,2026-08-12,26,ART,0,2026-08-12T17:42:00+09:00,0,-2,0.0000,-2.0000,3903,-3709.0000
M0001,3075,2026-08-12,27,BB,18,2026-08-12T17:43:00+09:00,4,166,6.6667,159.3333,3907,-3549.6667
M0001,3075,2026-08-12,28,BB,19,2026-08-12T17:45:00+09:00,13,277,21.6667,255.3333,3920,-3294.3333
M0001,3075,2026-08-12,29,BB,20,2026-08-12T17:48:00+09:00,12,599,20.0000,579.0000,3932,-2715.3333
M0001,3075,2026-08-12,30,BB,21,2026-08-12T17:59:00+09:00,46,457,76.6667,380.3333,3978,-2335.0000
M0001,3075,2026-08-12,31,ART,0,2026-08-12T18:03:00+09:00,0,0,0.0000,0.0000,3978,-2335.0000
M0001,3075,2026-08-12,32,BB,22,2026-08-12T18:04:00+09:00,8,595,13.3333,581.6667,3986,-1753.3333
M0001,3075,2026-08-12,33,BB,23,2026-08-12T20:33:00+09:00,298,87,496.6667,-409.6667,4284,-2163.0000
M0001,3075,2026-08-12,34,ART,0,2026-08-12T20:34:00+09:00,0,-2,0.0000,-2.0000,4284,-2165.0000
M0001,3075,2026-08-12,35,BB,24,2026-08-12T20:35:00+09:00,5,244,8.3333,235.6667,4289,-1929.3333
M0001,3075,2026-08-12,36,BB,25,2026-08-12T20:38:00+09:00,4,165,6.6667,158.3333,4293,-1771.0000
M0001,3075,2026-08-12,37,BB,26,2026-08-12T20:52:00+09:00,176,87,293.3333,-206.3333,4469,-1977.3333
M0001,3075,2026-08-12,38,ART,0,2026-08-12T20:53:00+09:00,0,-2,0.0000,-2.0000,4469,-1979.3333
M0001,3075,2026-08-12,39,BB,27,2026-08-12T20:58:00+09:00,64,85,106.6667,-21.6667,4533,-2001.0000
M0001,3075,2026-08-12,40,ART,0,2026-08-12T20:58:00+09:00,1,-2,1.6667,-3.6667,4534,-2004.6667
M0001,3075,2026-08-12,41,BB,28,2026-08-12T21:29:00+09:00,434,85,723.3333,-638.3333,4968,-2643.0000
M0001,3075,2026-08-12,42,ART,0,2026-08-12T21:29:00+09:00,1,-2,1.6667,-3.6667,4969,-2646.6667
M0001,3075,2026-08-12,43,BB,29,2026-08-12T21:30:00+09:00,4,256,6.6667,249.3333,4973,-2397.3333
M0001,3075,2026-08-12,44,BB,30,2026-08-12T21:33:00+09:00,6,269,10.0000,259.0000,4979,-2138.3333
M0001,3075,2026-08-13,1,BB,1,2026-08-13T10:47:00+09:00,577,85,961.6667,-876.6667,577,-876.6667
M0001,3075,2026-08-13,2,ART,0,2026-08-13T10:50:00+09:00,0,0,0.0000,0.0000,577,-876.6667
M0001,3075,2026-08-13,3,BB,2,2026-08-13T10:51:00+09:00,2,265,3.3333,261.6667,579,-615.0000
M0001,3075,2026-08-13,4,BB,3,2026-08-13T10:55:00+09:00,12,251,20.0000,231.0000,591,-384.0000
M0001,3075,2026-08-13,5,BB,4,2026-08-13T10:59:00+09:00,8,571,13.3333,557.6667,599,173.6667
M0001,3075,2026-08-13,6,BB,5,2026-08-13T11:05:00+09:00,9,153,15.0000,138.0000,608,311.6667
M0001,3075,2026-08-13,7,BB,6,2026-08-13T11:08:00+09:00,12,437,20.0000,417.0000,620,728.6667
M0001,3075,2026-08-13,8,BB,7,2026-08-13T11:16:00+09:00,55,562,91.6667,470.3333,675,1199.0000
M0001,3075,2026-08-13,9,ART,0,2026-08-13T11:21:00+09:00,0,-2,0.0000,-2.0000,675,1197.0000
M0001,3075,2026-08-13,10,BB,8,2026-08-13T11:23:00+09:00,8,599,13.3333,585.6667,683,1782.6667
M0001,3075,2026-08-13,11,BB,9,2026-08-13T12:08:00+09:00,553,87,921.6667,-834.6667,1236,948.0000
M0001,3075,2026-08-13,12,ART,0,2026-08-13T12:09:00+09:00,0,-2,0.0000,-2.0000,1236,946.0000
M0001,3075,2026-08-13,13,BB,10,2026-08-13T12:10:00+09:00,3,504,5.0000,499.0000,1239,1445.0000
M0001,3075,2026-08-13,14,BB,11,2026-08-13T12:15:00+09:00,7,251,11.6667,239.3333,1246,1684.3333
M0001,3075,2026-08-13,15,BB,12,2026-08-13T12:19:00+09:00,11,405,18.3333,386.6667,1257,2071.0000
M0001,3075,2026-08-13,16,BB,13,2026-08-13T12:27:00+09:00,50,504,83.3333,420.6667,1307,2491.6667
M0001,3075,2026-08-13,17,ART,0,2026-08-13T12:31:00+09:00,0,-2,0.0000,-2.0000,1307,2489.6667
M0001,3075,2026-08-13,18,BB,14,2026-08-13T12:33:00+09:00,9,501,15.0000,486.0000,1316,2975.6667
M0001,3075,2026-08-13,19,BB,15,2026-08-13T12:50:00+09:00,160,83,266.6667,-183.6667,1476,2792.0000
M0001,3075,2026-08-13,20,ART,0,2026-08-13T12:51:00+09:00,1,0,1.6667,-1.6667,1477,2790.3333
M0001,3075,2026-08-13,21,BB,16,2026-08-13T12:52:00+09:00,3,164,5.0000,159.0000,1480,2949.3333
M0001,3075,2026-08-13,22,BB,17,2026-08-13T13:14:00+09:00,286,85,476.6667,-391.6667,1766,2557.6667
M0001,3075,2026-08-13,23,ART,0,2026-08-13T13:15:00+09:00,0,-2,0.0000,-2.0000,1766,2555.6667
M0001,3075,2026-08-13,24,BB,18,2026-08-13T13:40:00+09:00,113,87,188.3333,-101.3333,1879,2454.3333
M0001,3075,2026-08-13,25,ART,0,2026-08-13T13:41:00+09:00,1,0,1.6667,-1.6667,1880,2452.6667
M0001,3075,2026-08-13,26,BB,19,2026-08-13T14:12:00+09:00,407,85,678.3333,-593.3333,2287,1859.3333
M0001,3075,2026-08-13,27,ART,0,2026-08-13T14:13:00+09:00,1,0,1.6667,-1.6667,2288,1857.6667
M0001,3075,2026-08-13,28,BB,20,2026-08-13T14:14:00+09:00,3,287,5.0000,282.0000,2291,2139.6667
M0001,3075,2026-08-13,29,BB,21,2026-08-13T14:20:00+09:00,11,325,18.3333,306.6667,2302,2446.3333
M0001,3075,2026-08-13,30,BB,22,2026-08-13T14:40:00+09:00,187,79,311.6667,-232.6667,2489,2213.6667
M0001,3075,2026-08-13,31,ART,0,2026-08-13T14:41:00+09:00,0,-2,0.0000,-2.0000,2489,2211.6667
M0001,3075,2026-08-13,32,BB,23,2026-08-13T15:17:00+09:00,353,87,588.3333,-501.3333,2842,1710.3333
M0001,3075,2026-08-13,33,ART,0,2026-08-13T15:18:00+09:00,1,12,1.6667,10.3333,2843,1720.6667
M0001,3075,2026-08-13,34,BB,24,2026-08-13T15:19:00+09:00,2,340,3.3333,336.6667,2845,2057.3333
M0001,3075,2026-08-13,35,BB,25,2026-08-13T15:24:00+09:00,4,309,6.6667,302.3333,2849,2359.6667
M0001,3075,2026-08-13,36,BB,26,2026-08-13T15:28:00+09:00,6,409,10.0000,399.0000,2855,2758.6667
M0001,3075,2026-08-13,37,BB,27,2026-08-13T15:37:00+09:00,48,437,80.0000,357.0000,2903,3115.6667
M0001,3075,2026-08-13,38,ART,0,2026-08-13T15:41:00+09:00,0,0,0.0000,0.0000,2903,3115.6667
M0001,3075,2026-08-13,39,BB,28,2026-08-13T15:43:00+09:00,9,569,15.0000,554.0000,2912,3669.6667
M0001,3075,2026-08-13,40,BB,29,2026-08-13T15:52:00+09:00,10,447,16.6667,430.3333,2922,4100.0000
M0001,3075,2026-08-13,41,BB,30,2026-08-13T15:58:00+09:00,9,498,15.0000,483.0000,2931,4583.0000
M0001,3075,2026-08-13,42,BB,31,2026-08-13T16:04:00+09:00,5,489,8.3333,480.6667,2936,5063.6667
M0001,3075,2026-08-13,43,BB,32,2026-08-13T16:12:00+09:00,39,445,65.0000,380.0000,2975,5443.6667
M0001,3075,2026-08-13,44,ART,0,2026-08-13T16:16:00+09:00,0,-2,0.0000,-2.0000,2975,5441.6667
M0001,3075,2026-08-13,45,BB,33,2026-08-13T16:17:00+09:00,3,411,5.0000,406.0000,2978,5847.6667
M0001,3075,2026-08-13,46,BB,34,2026-08-13T17:02:00+09:00,468,87,780.0000,-693.0000,3446,5154.6667
M0001,3075,2026-08-13,47,ART,0,2026-08-13T17:03:00+09:00,0,-2,0.0000,-2.0000,3446,5152.6667
M0001,3075,2026-08-13,48,BB,35,2026-08-13T17:04:00+09:00,6,306,10.0000,296.0000,3452,5448.6667
M0001,3075,2026-08-13,49,BB,36,2026-08-13T17:10:00+09:00,12,325,20.0000,305.0000,3464,5753.6667
M0001,3075,2026-08-13,50,BB,37,2026-08-13T17:14:00+09:00,9,325,15.0000,310.0000,3473,6063.6667
M0001,3075,2026-08-13,51,BB,38,2026-08-13T18:00:00+09:00,509,85,848.3333,-763.3333,3982,5300.3333
M0001,3075,2026-08-13,52,ART,0,2026-08-13T18:01:00+09:00,0,-2,0.0000,-2.0000,3982,5298.3333
M0001,3075,2026-08-13,53,BB,39,2026-08-13T18:03:00+09:00,10,167,16.6667,150.3333,3992,5448.6667
M0001,3075,2026-08-13,54,BB,40,2026-08-13T18:07:00+09:00,11,283,18.3333,264.6667,4003,5713.3333
M0001,3075,2026-08-13,55,BB,41,2026-08-13T18:11:00+09:00,6,83,10.0000,73.0000,4009,5786.3333
M0001,3075,2026-08-13,56,BB,42,2026-08-13T18:14:00+09:00,6,171,10.0000,161.0000,4015,5947.3333
M0001,3075,2026-08-13,57,BB,43,2026-08-13T19:39:00+09:00,1035,87,1725.0000,-1638.0000,5050,4309.3333
M0001,3075,2026-08-13,58,ART,0,2026-08-13T19:40:00+09:00,0,0,0.0000,0.0000,5050,4309.3333
M0001,3075,2026-08-13,59,BB,44,2026-08-13T19:52:00+09:00,149,83,248.3333,-165.3333,5199,4144.0000
M0001,3075,2026-08-13,60,ART,0,2026-08-13T19:53:00+09:00,1,-2,1.6667,-3.6667,5200,4140.3333
M0001,3075,2026-08-13,61,BB,45,2026-08-13T20:37:00+09:00,577,87,961.6667,-874.6667,5777,3265.6667
M0001,3075,2026-08-13,62,ART,0,2026-08-13T20:38:00+09:00,1,-2,1.6667,-3.6667,5778,3262.0000
M0001,3075,2026-08-13,63,BB,46,2026-08-13T20:41:00+09:00,7,419,11.6667,407.3333,5785,3669.3333
M0001,3075,2026-08-13,64,BB,47,2026-08-13T20:46:00+09:00,7,169,11.6667,157.3333,5792,3826.6667
M0001,3075,2026-08-13,65,BB,48,2026-08-13T20:49:00+09:00,5,529,8.3333,520.6667,5797,4347.3333
M0001,3075,2026-08-13,66,BB,49,2026-08-13T21:01:00+09:00,50,428,83.3333,344.6667,5847,4692.0000
M0001,3075,2026-08-13,67,ART,0,2026-08-13T21:05:00+09:00,0,-2,0.0000,-2.0000,5847,4690.0000
M0001,3075,2026-08-13,68,BB,50,2026-08-13T21:07:00+09:00,8,503,13.3333,489.6667,5855,5179.6667
M0001,3075,2026-08-13,69,BB,51,2026-08-13T21:13:00+09:00,13,411,21.6667,389.3333,5868,5569.0000
M0001,3075,2026-08-14,1,BB,1,2026-08-14T10:54:00+09:00,646,87,1076.6667,-989.6667,646,-989.6667
M0001,3075,2026-08-14,2,ART,0,2026-08-14T10:54:00+09:00,1,-2,1.6667,-3.6667,647,-993.3333
M0001,3075,2026-08-14,3,BB,2,2026-08-14T12:15:00+09:00,1032,83,1720.0000,-1637.0000,1679,-2630.3333
M0001,3075,2026-08-14,4,ART,0,2026-08-14T12:16:00+09:00,1,-2,1.6667,-3.6667,1680,-2634.0000
M0001,3075,2026-08-14,5,BB,3,2026-08-14T12:18:00+09:00,6,262,10.0000,252.0000,1686,-2382.0000
M0001,3075,2026-08-14,6,BB,4,2026-08-14T12:21:00+09:00,8,81,13.3333,67.6667,1694,-2314.3333
M0001,3075,2026-08-14,7,BB,5,2026-08-14T12:23:00+09:00,7,277,11.6667,265.3333,1701,-2049.0000
M0001,3075,2026-08-14,8,BB,6,2026-08-14T13:40:00+09:00,952,83,1586.6667,-1503.6667,2653,-3552.6667
M0001,3075,2026-08-14,9,ART,0,2026-08-14T13:41:00+09:00,0,-2,0.0000,-2.0000,2653,-3554.6667
M0001,3075,2026-08-14,10,BB,7,2026-08-14T14:08:00+09:00,310,87,516.6667,-429.6667,2963,-3984.3333
M0001,3075,2026-08-14,11,ART,0,2026-08-14T14:09:00+09:00,1,0,1.6667,-1.6667,2964,-3986.0000
M0001,3075,2026-08-14,12,BB,8,2026-08-14T14:11:00+09:00,3,577,5.0000,572.0000,2967,-3414.0000
M0001,3075,2026-08-14,13,BB,9,2026-08-14T14:25:00+09:00,110,87,183.3333,-96.3333,3077,-3510.3333
M0001,3075,2026-08-14,14,ART,0,2026-08-14T14:26:00+09:00,0,-2,0.0000,-2.0000,3077,-3512.3333
M0001,3075,2026-08-14,15,BB,10,2026-08-14T14:30:00+09:00,40,85,66.6667,18.3333,3117,-3494.0000
M0001,3075,2026-08-14,16,ART,0,2026-08-14T14:31:00+09:00,1,-2,1.6667,-3.6667,3118,-3497.6667
M0001,3075,2026-08-14,17,BB,11,2026-08-14T14:33:00+09:00,9,324,15.0000,309.0000,3127,-3188.6667
M0001,3075,2026-08-14,18,BB,12,2026-08-14T14:39:00+09:00,11,85,18.3333,66.6667,3138,-3122.0000
M0001,3075,2026-08-14,19,BB,13,2026-08-14T15:05:00+09:00,284,87,473.3333,-386.3333,3422,-3508.3333
M0001,3075,2026-08-14,20,ART,0,2026-08-14T15:06:00+09:00,1,-2,1.6667,-3.6667,3423,-3512.0000
M0001,3075,2026-08-14,21,BB,14,2026-08-14T15:09:00+09:00,11,179,18.3333,160.6667,3434,-3351.3333
M0001,3075,2026-08-14,22,BB,15,2026-08-14T15:13:00+09:00,11,347,18.3333,328.6667,3445,-3022.6667
M0001,3075,2026-08-14,23,BB,16,2026-08-14T15:23:00+09:00,5,171,8.3333,162.6667,3450,-2860.0000
M0001,3075,2026-08-14,24,BB,17,2026-08-14T16:27:00+09:00,685,81,1141.6667,-1060.6667,4135,-3920.6667
M0001,3075,2026-08-14,25,ART,0,2026-08-14T16:28:00+09:00,0,-2,0.0000,-2.0000,4135,-3922.6667
M0001,3075,2026-08-14,26,BB,18,2026-08-14T16:51:00+09:00,324,85,540.0000,-455.0000,4459,-4377.6667
M0001,3075,2026-08-14,27,ART,0,2026-08-14T16:52:00+09:00,1,-2,1.6667,-3.6667,4460,-4381.3333
M0001,3075,2026-08-14,28,BB,19,2026-08-14T16:56:00+09:00,57,237,95.0000,142.0000,4517,-4239.3333
M0001,3075,2026-08-14,29,ART,0,2026-08-14T16:59:00+09:00,1,0,1.6667,-1.6667,4518,-4241.0000
M0001,3075,2026-08-14,30,BB,20,2026-08-14T17:55:00+09:00,683,79,1138.3333,-1059.3333,5201,-5300.3333
M0001,3075,2026-08-14,31,ART,0,2026-08-14T17:56:00+09:00,1,0,1.6667,-1.6667,5202,-5302.0000
M0001,3075,2026-08-14,32,BB,21,2026-08-14T17:57:00+09:00,6,243,10.0000,233.0000,5208,-5069.0000
M0001,3075,2026-08-14,33,BB,22,2026-08-14T18:01:00+09:00,5,169,8.3333,160.6667,5213,-4908.3333
M0001,3075,2026-08-14,34,BB,23,2026-08-14T18:03:00+09:00,7,557,11.6667,545.3333,5220,-4363.0000
M0001,3075,2026-08-14,35,BB,24,2026-08-14T18:09:00+09:00,5,513,8.3333,504.6667,5225,-3858.3333
M0001,3075,2026-08-14,36,BB,25,2026-08-14T18:15:00+09:00,13,413,21.6667,391.3333,5238,-3467.0000
M0001,3075,2026-08-14,37,BB,26,2026-08-14T18:23:00+09:00,51,420,85.0000,335.0000,5289,-3132.0000
M0001,3075,2026-08-14,38,ART,0,2026-08-14T18:27:00+09:00,0,-2,0.0000,-2.0000,5289,-3134.0000
M0001,3075,2026-08-14,39,BB,27,2026-08-14T19:52:00+09:00,639,85,1065.0000,-980.0000,5928,-4114.0000
M0001,3075,2026-08-14,40,ART,0,2026-08-14T19:53:00+09:00,1,0,1.6667,-1.6667,5929,-4115.6667
M0001,3075,2026-08-14,41,BB,28,2026-08-14T19:54:00+09:00,3,162,5.0000,157.0000,5932,-3958.6667
M0001,3075,2026-08-14,42,BB,29,2026-08-14T19:57:00+09:00,7,273,11.6667,261.3333,5939,-3697.3333
M0001,3075,2026-08-14,43,BB,30,2026-08-14T21:02:00+09:00,350,71,583.3333,-512.3333,6289,-4209.6667
M0001,3075,2026-08-14,44,ART,0,2026-08-14T21:03:00+09:00,1,-2,1.6667,-3.6667,6290,-4213.3333
M0001,3075,2026-08-14,45,BB,31,2026-08-14T21:04:00+09:00,1,436,1.6667,434.3333,6291,-3779.0000
M0001,3075,2026-08-14,46,BB,32,2026-08-14T21:07:00+09:00,5,169,8.3333,160.6667,6296,-3618.3333
M0001,3075,2026-08-15,1,BB,1,2026-08-15T10:27:00+09:00,238,87,396.6667,-309.6667,238,-309.6667
M0001,3075,2026-08-15,2,ART,0,2026-08-15T10:27:00+09:00,0,-2,0.0000,-2.0000,238,-311.6667
M0001,3075,2026-08-15,3,BB,2,2026-08-15T11:08:00+09:00,558,85,930.0000,-845.0000,796,-1156.6667
M0001,3075,2026-08-15,4,ART,0,2026-08-15T11:09:00+09:00,1,12,1.6667,10.3333,797,-1146.3333
M0001,3075,2026-08-15,5,BB,3,2026-08-15T11:10:00+09:00,2,259,3.3333,255.6667,799,-890.6667
M0001,3075,2026-08-15,6,BB,4,2026-08-15T11:15:00+09:00,10,245,16.6667,228.3333,809,-662.3333
M0001,3075,2026-08-15,7,BB,5,2026-08-15T11:19:00+09:00,6,383,10.0000,373.0000,815,-289.3333
M0001,3075,2026-08-15,8,BB,6,2026-08-15T11:30:00+09:00,78,85,130.0000,-45.0000,893,-334.3333
M0001,3075,2026-08-15,9,ART,0,2026-08-15T11:31:00+09:00,0,-2,0.0000,-2.0000,893,-336.3333
M0001,3075,2026-08-15,10,BB,7,2026-08-15T11:45:00+09:00,156,87,260.0000,-173.0000,1049,-509.3333
M0001,3075,2026-08-15,11,ART,0,2026-08-15T11:45:00+09:00,1,0,1.6667,-1.6667,1050,-511.0000
M0001,3075,2026-08-15,12,BB,8,2026-08-15T11:47:00+09:00,3,162,5.0000,157.0000,1053,-354.0000
M0001,3075,2026-08-15,13,BB,9,2026-08-15T12:55:00+09:00,793,87,1321.6667,-1234.6667,1846,-1588.6667
M0001,3075,2026-08-15,14,ART,0,2026-08-15T12:56:00+09:00,0,-2,0.0000,-2.0000,1846,-1590.6667
M0001,3075,2026-08-15,15,BB,10,2026-08-15T13:10:00+09:00,180,87,300.0000,-213.0000,2026,-1803.6667
M0001,3075,2026-08-15,16,ART,0,2026-08-15T13:11:00+09:00,1,12,1.6667,10.3333,2027,-1793.3333
M0001,3075,2026-08-15,17,BB,11,2026-08-15T13:12:00+09:00,2,310,3.3333,306.6667,2029,-1486.6667
M0001,3075,2026-08-15,18,BB,12,2026-08-15T13:18:00+09:00,10,468,16.6667,451.3333,2039,-1035.3333
M0001,3075,2026-08-15,19,BB,13,2026-08-15T14:02:00+09:00,494,87,823.3333,-736.3333,2533,-1771.6667
M0001,3075,2026-08-15,20,ART,0,2026-08-15T14:03:00+09:00,0,0,0.0000,0.0000,2533,-1771.6667
M0001,3075,2026-08-15,21,BB,14,2026-08-15T14:04:00+09:00,3,177,5.0000,172.0000,2536,-1599.6667
M0001,3075,2026-08-15,22,BB,15,2026-08-15T14:07:00+09:00,11,87,18.3333,68.6667,2547,-1531.0000
M0001,3075,2026-08-15,23,BB,16,2026-08-15T14:41:00+09:00,450,87,750.0000,-663.0000,2997,-2194.0000
M0001,3075,2026-08-15,24,ART,0,2026-08-15T14:41:00+09:00,0,0,0.0000,0.0000,2997,-2194.0000
M0001,3075,2026-08-15,25,BB,17,2026-08-15T14:43:00+09:00,7,317,11.6667,305.3333,3004,-1888.6667
M0001,3075,2026-08-15,26,BB,18,2026-08-15T15:03:00+09:00,233,85,388.3333,-303.3333,3237,-2192.0000
M0001,3075,2026-08-15,27,ART,0,2026-08-15T15:04:00+09:00,0,-2,0.0000,-2.0000,3237,-2194.0000
M0001,3075,2026-08-15,28,BB,19,2026-08-15T15:51:00+09:00,653,85,1088.3333,-1003.3333,3890,-3197.3333
M0001,3075,2026-08-15,29,ART,0,2026-08-15T15:52:00+09:00,1,-2,1.6667,-3.6667,3891,-3201.0000
M0001,3075,2026-08-15,30,BB,20,2026-08-15T15:54:00+09:00,10,498,16.6667,481.3333,3901,-2719.6667
M0001,3075,2026-08-15,31,BB,21,2026-08-15T16:01:00+09:00,11,148,18.3333,129.6667,3912,-2590.0000
M0001,3075,2026-08-15,32,BB,22,2026-08-15T16:50:00+09:00,582,87,970.0000,-883.0000,4494,-3473.0000
M0001,3075,2026-08-15,33,ART,0,2026-08-15T16:51:00+09:00,0,-2,0.0000,-2.0000,4494,-3475.0000
M0001,3075,2026-08-15,34,BB,23,2026-08-15T16:55:00+09:00,37,81,61.6667,19.3333,4531,-3455.6667
M0001,3075,2026-08-15,35,ART,0,2026-08-15T16:56:00+09:00,1,-2,1.6667,-3.6667,4532,-3459.3333
M0001,3075,2026-08-15,36,BB,24,2026-08-15T17:45:00+09:00,680,87,1133.3333,-1046.3333,5212,-4505.6667
M0001,3075,2026-08-15,37,ART,0,2026-08-15T17:46:00+09:00,1,-2,1.6667,-3.6667,5213,-4509.3333
M0001,3075,2026-08-15,38,BB,25,2026-08-15T17:52:00+09:00,63,85,105.0000,-20.0000,5276,-4529.3333
M0001,3075,2026-08-15,39,ART,0,2026-08-15T17:53:00+09:00,1,-2,1.6667,-3.6667,5277,-4533.0000
M0001,3075,2026-08-15,40,BB,26,2026-08-15T18:20:00+09:00,342,87,570.0000,-483.0000,5619,-5016.0000
M0001,3075,2026-08-15,41,ART,0,2026-08-15T18:21:00+09:00,1,-2,1.6667,-3.6667,5620,-5019.6667
M0001,3075,2026-08-15,42,BB,27,2026-08-15T18:22:00+09:00,5,181,8.3333,172.6667,5625,-4847.0000
M0001,3075,2026-08-15,43,BB,28,2026-08-15T18:35:00+09:00,146,87,243.3333,-156.3333,5771,-5003.3333
M0001,3075,2026-08-15,44,ART,0,2026-08-15T18:36:00+09:00,0,-2,0.0000,-2.0000,5771,-5005.3333
M0001,3075,2026-08-15,45,BB,29,2026-08-15T19:25:00+09:00,683,87,1138.3333,-1051.3333,6454,-6056.6667
M0001,3075,2026-08-15,46,ART,0,2026-08-15T19:26:00+09:00,1,-2,1.6667,-3.6667,6455,-6060.3333
M0001,3075,2026-08-15,47,BB,30,2026-08-15T19:28:00+09:00,9,163,15.0000,148.0000,6464,-5912.3333
M0001,3075,2026-08-15,48,BB,31,2026-08-15T19:58:00+09:00,314,87,523.3333,-436.3333,6778,-6348.6667
M0001,3075,2026-08-15,49,ART,0,2026-08-15T19:59:00+09:00,0,-2,0.0000,-2.0000,6778,-6350.6667
M0001,3075,2026-08-15,50,BB,32,2026-08-15T20:02:00+09:00,14,286,23.3333,262.6667,6792,-6088.0000
M0001,3075,2026-08-15,51,BB,33,2026-08-15T20:06:00+09:00,6,167,10.0000,157.0000,6798,-5931.0000
M0001,3075,2026-08-15,52,BB,34,2026-08-15T20:12:00+09:00,50,81,83.3333,-2.3333,6848,-5933.3333
M0001,3075,2026-08-15,53,ART,0,2026-08-15T20:13:00+09:00,0,-2,0.0000,-2.0000,6848,-5935.3333
M0001,3075,2026-08-15,54,BB,35,2026-08-15T20:15:00+09:00,4,183,6.6667,176.3333,6852,-5759.0000
M0001,3075,2026-08-15,55,BB,36,2026-08-15T20:24:00+09:00,62,87,103.3333,-16.3333,6914,-5775.3333
M0001,3075,2026-08-15,56,ART,0,2026-08-15T20:25:00+09:00,0,-2,0.0000,-2.0000,6914,-5777.3333
M0001,3075,2026-08-15,57,BB,37,2026-08-15T20:36:00+09:00,139,85,231.6667,-146.6667,7053,-5924.0000
M0001,3075,2026-08-15,58,ART,0,2026-08-15T20:38:00+09:00,1,-2,1.6667,-3.6667,7054,-5927.6667
M0001,3075,2026-08-15,59,BB,38,2026-08-15T20:58:00+09:00,281,85,468.3333,-383.3333,7335,-6311.0000
M0001,3075,2026-08-15,60,ART,0,2026-08-15T20:59:00+09:00,1,-2,1.6667,-3.6667,7336,-6314.6667
M0001,3075,2026-08-15,61,BB,39,2026-08-15T21:00:00+09:00,6,168,10.0000,158.0000,7342,-6156.6667
M0001,3075,2026-08-15,62,BB,40,2026-08-15T21:03:00+09:00,8,323,13.3333,309.6667,7350,-5847.0000
M0001,3075,2026-08-15,63,BB,41,2026-08-15T21:07:00+09:00,7,445,11.6667,433.3333,7357,-5413.6667
M0001,3075,2026-08-15,64,BB,42,2026-08-15T21:12:00+09:00,9,437,15.0000,422.0000,7366,-4991.6667
M0001,3075,2026-08-15,65,BB,43,2026-08-15T21:18:00+09:00,40,461,66.6667,394.3333,7406,-4597.3333
M0001,3075,2026-08-15,66,ART,0,2026-08-15T21:22:00+09:00,0,-2,0.0000,-2.0000,7406,-4599.3333
M0001,3075,2026-08-16,1,BB,1,2026-08-16T10:14:00+09:00,125,87,208.3333,-121.3333,125,-121.3333
M0001,3075,2026-08-16,2,ART,0,2026-08-16T10:15:00+09:00,0,-2,0.0000,-2.0000,125,-123.3333
M0001,3075,2026-08-16,3,BB,2,2026-08-16T10:16:00+09:00,11,578,18.3333,559.6667,136,436.3333
M0001,3075,2026-08-16,4,BB,3,2026-08-16T10:40:00+09:00,252,87,420.0000,-333.0000,388,103.3333
M0001,3075,2026-08-16,5,ART,0,2026-08-16T10:40:00+09:00,1,-2,1.6667,-3.6667,389,99.6667
M0001,3075,2026-08-16,6,BB,4,2026-08-16T10:42:00+09:00,6,262,10.0000,252.0000,395,351.6667
M0001,3075,2026-08-16,7,BB,5,2026-08-16T10:45:00+09:00,11,167,18.3333,148.6667,406,500.3333
M0001,3075,2026-08-16,8,BB,6,2026-08-16T10:48:00+09:00,7,321,11.6667,309.3333,413,809.6667
M0001,3075,2026-08-16,9,BB,7,2026-08-16T10:52:00+09:00,13,85,21.6667,63.3333,426,873.0000
M0001,3075,2026-08-16,10,BB,8,2026-08-16T11:23:00+09:00,426,87,710.0000,-623.0000,852,250.0000
M0001,3075,2026-08-16,11,ART,0,2026-08-16T11:23:00+09:00,1,-2,1.6667,-3.6667,853,246.3333
M0001,3075,2026-08-16,12,BB,9,2026-08-16T12:04:00+09:00,569,87,948.3333,-861.3333,1422,-615.0000
M0001,3075,2026-08-16,13,ART,0,2026-08-16T12:05:00+09:00,1,-2,1.6667,-3.6667,1423,-618.6667
M0001,3075,2026-08-16,14,BB,10,2026-08-16T12:06:00+09:00,4,413,6.6667,406.3333,1427,-212.3333
M0001,3075,2026-08-16,15,BB,11,2026-08-16T12:34:00+09:00,355,77,591.6667,-514.6667,1782,-727.0000
M0001,3075,2026-08-16,16,ART,0,2026-08-16T12:35:00+09:00,0,-2,0.0000,-2.0000,1782,-729.0000
M0001,3075,2026-08-16,17,BB,12,2026-08-16T12:35:00+09:00,5,552,8.3333,543.6667,1787,-185.3333
M0001,3075,2026-08-16,18,BB,13,2026-08-16T12:52:00+09:00,160,87,266.6667,-179.6667,1947,-365.0000
M0001,3075,2026-08-16,19,ART,0,2026-08-16T12:52:00+09:00,0,-2,0.0000,-2.0000,1947,-367.0000
M0001,3075,2026-08-16,20,BB,14,2026-08-16T12:54:00+09:00,6,183,10.0000,173.0000,1953,-194.0000
M0001,3075,2026-08-16,21,BB,15,2026-08-16T13:23:00+09:00,125,87,208.3333,-121.3333,2078,-315.3333
M0001,3075,2026-08-16,22,ART,0,2026-08-16T13:24:00+09:00,0,0,0.0000,0.0000,2078,-315.3333
M0001,3075,2026-08-16,23,BB,16,2026-08-16T13:25:00+09:00,2,164,3.3333,160.6667,2080,-154.6667
M0001,3075,2026-08-16,24,BB,17,2026-08-16T14:10:00+09:00,563,87,938.3333,-851.3333,2643,-1006.0000
M0001,3075,2026-08-16,25,ART,0,2026-08-16T14:11:00+09:00,0,-2,0.0000,-2.0000,2643,-1008.0000
M0001,3075,2026-08-16,26,BB,18,2026-08-16T15:56:00+09:00,1035,87,1725.0000,-1638.0000,3678,-2646.0000
M0001,3075,2026-08-16,27,ART,0,2026-08-16T15:57:00+09:00,1,-2,1.6667,-3.6667,3679,-2649.6667
M0001,3075,2026-08-16,28,BB,19,2026-08-16T15:59:00+09:00,7,310,11.6667,298.3333,3686,-2351.3333
M0001,3075,2026-08-16,29,BB,20,2026-08-16T16:04:00+09:00,5,167,8.3333,158.6667,3691,-2192.6667
M0001,3075,2026-08-16,30,BB,21,2026-08-16T16:07:00+09:00,11,431,18.3333,412.6667,3702,-1780.0000
M0001,3075,2026-08-16,31,BB,22,2026-08-16T16:12:00+09:00,9,87,15.0000,72.0000,3711,-1708.0000
M0001,3075,2026-08-16,32,BB,23,2026-08-16T16:14:00+09:00,11,343,18.3333,324.6667,3722,-1383.3333
M0001,3075,2026-08-16,33,BB,24,2026-08-16T16:28:00+09:00,13,550,21.6667,528.3333,3735,-855.0000
M0001,3075,2026-08-16,34,BB,25,2026-08-16T16:35:00+09:00,7,403,11.6667,391.3333,3742,-463.6667
M0001,3075,2026-08-16,35,BB,26,2026-08-16T16:40:00+09:00,7,421,11.6667,409.3333,3749,-54.3333
M0001,3075,2026-08-16,36,BB,27,2026-08-16T16:46:00+09:00,36,530,60.0000,470.0000,3785,415.6667
M0001,3075,2026-08-16,37,ART,0,2026-08-16T16:51:00+09:00,0,-2,0.0000,-2.0000,3785,413.6667
M0001,3075,2026-08-16,38,BB,28,2026-08-16T16:52:00+09:00,8,414,13.3333,400.6667,3793,814.3333
M0001,3075,2026-08-16,39,BB,29,2026-08-16T17:47:00+09:00,566,205,943.3333,-738.3333,4359,76.0000
M0001,3075,2026-08-16,40,ART,0,2026-08-16T17:49:00+09:00,1,24,1.6667,22.3333,4360,98.3333
M0001,3075,2026-08-16,41,BB,30,2026-08-16T17:50:00+09:00,1,415,1.6667,413.3333,4361,511.6667
M0001,3075,2026-08-16,42,BB,31,2026-08-16T17:55:00+09:00,6,249,10.0000,239.0000,4367,750.6667
M0001,3075,2026-08-16,43,BB,32,2026-08-16T17:58:00+09:00,7,169,11.6667,157.3333,4374,908.0000
M0001,3075,2026-08-16,44,BB,33,2026-08-16T18:01:00+09:00,10,85,16.6667,68.3333,4384,976.3333
M0001,3075,2026-08-16,45,BB,34,2026-08-16T18:04:00+09:00,12,85,20.0000,65.0000,4396,1041.3333
M0001,3075,2026-08-16,46,BB,35,2026-08-16T18:19:00+09:00,135,235,225.0000,10.0000,4531,1051.3333
M0001,3075,2026-08-16,47,ART,0,2026-08-16T18:22:00+09:00,0,0,0.0000,0.0000,4531,1051.3333
M0001,3075,2026-08-16,48,BB,36,2026-08-16T18:23:00+09:00,3,505,5.0000,500.0000,4534,1551.3333
M0001,3075,2026-08-16,49,BB,37,2026-08-16T18:28:00+09:00,6,444,10.0000,434.0000,4540,1985.3333
M0001,3075,2026-08-16,50,BB,38,2026-08-16T18:32:00+09:00,7,235,11.6667,223.3333,4547,2208.6667
M0001,3075,2026-08-16,51,BB,39,2026-08-16T18:37:00+09:00,36,458,60.0000,398.0000,4583,2606.6667
M0001,3075,2026-08-16,52,ART,0,2026-08-16T18:40:00+09:00,1,12,1.6667,10.3333,4584,2617.0000
M0001,3075,2026-08-16,53,BB,40,2026-08-16T18:41:00+09:00,2,477,3.3333,473.6667,4586,3090.6667
M0001,3075,2026-08-16,54,BB,41,2026-08-16T18:47:00+09:00,17,437,28.3333,408.6667,4603,3499.3333
M0001,3075,2026-08-16,55,BB,42,2026-08-16T19:48:00+09:00,689,87,1148.3333,-1061.3333,5292,2438.0000
M0001,3075,2026-08-16,56,ART,0,2026-08-16T19:48:00+09:00,1,-2,1.6667,-3.6667,5293,2434.3333
M0001,3075,2026-08-16,57,BB,43,2026-08-16T20:04:00+09:00,169,205,281.6667,-76.6667,5462,2357.6667
M0001,3075,2026-08-16,58,ART,0,2026-08-16T20:05:00+09:00,1,-2,1.6667,-3.6667,5463,2354.0000
M0001,3075,2026-08-16,59,BB,44,2026-08-16T20:06:00+09:00,10,515,16.6667,498.3333,5473,2852.3333
M0001,3075,2026-08-16,60,BB,45,2026-08-16T20:12:00+09:00,7,315,11.6667,303.3333,5480,3155.6667
M0001,3075,2026-08-17,1,BB,1,2026-08-17T10:45:00+09:00,330,81,550.0000,-469.0000,330,-469.0000
M0001,3075,2026-08-17,2,ART,0,2026-08-17T10:46:00+09:00,0,0,0.0000,0.0000,330,-469.0000
M0001,3075,2026-08-17,3,BB,2,2026-08-17T10:47:00+09:00,3,164,5.0000,159.0000,333,-310.0000
M0001,3075,2026-08-17,4,BB,3,2026-08-17T10:50:00+09:00,11,263,18.3333,244.6667,344,-65.3333
M0001,3075,2026-08-17,5,BB,4,2026-08-17T11:14:00+09:00,38,87,63.3333,23.6667,382,-41.6667
M0001,3075,2026-08-17,6,ART,0,2026-08-17T11:14:00+09:00,0,-2,0.0000,-2.0000,382,-43.6667
M0001,3075,2026-08-17,7,BB,5,2026-08-17T11:18:00+09:00,37,85,61.6667,23.3333,419,-20.3333
M0001,3075,2026-08-17,8,ART,0,2026-08-17T11:19:00+09:00,1,-2,1.6667,-3.6667,420,-24.0000
M0001,3075,2026-08-17,9,BB,6,2026-08-17T11:20:00+09:00,7,173,11.6667,161.3333,427,137.3333
M0001,3075,2026-08-17,10,BB,7,2026-08-17T11:33:00+09:00,179,87,298.3333,-211.3333,606,-74.0000
M0001,3075,2026-08-17,11,ART,0,2026-08-17T11:34:00+09:00,0,-2,0.0000,-2.0000,606,-76.0000
M0001,3075,2026-08-17,12,BB,8,2026-08-17T12:21:00+09:00,680,83,1133.3333,-1050.3333,1286,-1126.3333
M0001,3075,2026-08-17,13,ART,0,2026-08-17T12:22:00+09:00,1,-2,1.6667,-3.6667,1287,-1130.0000
M0001,3075,2026-08-17,14,BB,9,2026-08-17T13:30:00+09:00,285,153,475.0000,-322.0000,1572,-1452.0000
M0001,3075,2026-08-17,15,ART,0,2026-08-17T13:32:00+09:00,1,0,1.6667,-1.6667,1573,-1453.6667
M0001,3075,2026-08-17,16,BB,10,2026-08-17T13:32:00+09:00,3,164,5.0000,159.0000,1576,-1294.6667
M0001,3075,2026-08-17,17,BB,11,2026-08-17T13:35:00+09:00,8,343,13.3333,329.6667,1584,-965.0000
M0001,3075,2026-08-17,18,BB,12,2026-08-17T13:39:00+09:00,12,333,20.0000,313.0000,1596,-652.0000
M0001,3075,2026-08-17,19,BB,13,2026-08-17T13:45:00+09:00,52,85,86.6667,-1.6667,1648,-653.6667
M0001,3075,2026-08-17,20,ART,0,2026-08-17T13:46:00+09:00,0,0,0.0000,0.0000,1648,-653.6667
M0001,3075,2026-08-17,21,BB,14,2026-08-17T13:47:00+09:00,8,82,13.3333,68.6667,1656,-585.0000
M0001,3075,2026-08-17,22,BB,15,2026-08-17T13:49:00+09:00,10,167,16.6667,150.3333,1666,-434.6667
M0001,3075,2026-08-17,23,BB,16,2026-08-17T15:51:00+09:00,450,83,750.0000,-667.0000,2116,-1101.6667
M0001,3075,2026-08-17,24,ART,0,2026-08-17T15:52:00+09:00,0,0,0.0000,0.0000,2116,-1101.6667
M0001,3075,2026-08-17,25,BB,17,2026-08-17T17:58:00+09:00,349,87,581.6667,-494.6667,2465,-1596.3333
M0001,3075,2026-08-17,26,ART,0,2026-08-17T17:59:00+09:00,1,-4,1.6667,-5.6667,2466,-1602.0000
M0001,3075,2026-08-17,27,BB,18,2026-08-17T18:09:00+09:00,146,87,243.3333,-156.3333,2612,-1758.3333
M0001,3075,2026-08-17,28,ART,0,2026-08-17T18:10:00+09:00,2,-2,3.3333,-5.3333,2614,-1763.6667
M0001,3075,2026-08-17,29,BB,19,2026-08-17T18:11:00+09:00,5,471,8.3333,462.6667,2619,-1301.0000
M0001,3075,2026-08-17,30,BB,20,2026-08-17T18:18:00+09:00,44,87,73.3333,13.6667,2663,-1287.3333
M0001,3075,2026-08-17,31,ART,0,2026-08-17T18:18:00+09:00,1,-2,1.6667,-3.6667,2664,-1291.0000
M0001,3075,2026-08-17,32,BB,21,2026-08-17T18:48:00+09:00,258,87,430.0000,-343.0000,2922,-1634.0000
M0001,3075,2026-08-17,33,ART,0,2026-08-17T18:49:00+09:00,1,-2,1.6667,-3.6667,2923,-1637.6667
M0001,3075,2026-08-17,34,BB,22,2026-08-17T18:50:00+09:00,5,271,8.3333,262.6667,2928,-1375.0000
M0001,3075,2026-08-17,35,BB,23,2026-08-17T19:17:00+09:00,287,83,478.3333,-395.3333,3215,-1770.3333
M0001,3075,2026-08-17,36,ART,0,2026-08-17T19:18:00+09:00,0,-2,0.0000,-2.0000,3215,-1772.3333
M0001,3075,2026-08-17,37,BB,24,2026-08-17T19:22:00+09:00,54,83,90.0000,-7.0000,3269,-1779.3333
M0001,3075,2026-08-17,38,ART,0,2026-08-17T19:23:00+09:00,1,-2,1.6667,-3.6667,3270,-1783.0000
M0001,3075,2026-08-17,39,BB,25,2026-08-17T19:24:00+09:00,8,333,13.3333,319.6667,3278,-1463.3333
M0001,3075,2026-08-17,40,BB,26,2026-08-17T19:29:00+09:00,8,171,13.3333,157.6667,3286,-1305.6667
M0001,3075,2026-08-17,41,BB,27,2026-08-17T19:31:00+09:00,7,561,11.6667,549.3333,3293,-756.3333
M0001,3075,2026-08-17,42,BB,28,2026-08-17T19:36:00+09:00,7,532,11.6667,520.3333,3300,-236.0000
M0001,3075,2026-08-17,43,BB,29,2026-08-17T19:44:00+09:00,48,432,80.0000,352.0000,3348,116.0000
M0001,3075,2026-08-17,44,ART,0,2026-08-17T19:47:00+09:00,1,-2,1.6667,-3.6667,3349,112.3333
M0001,3075,2026-08-17,45,BB,30,2026-08-17T19:49:00+09:00,9,523,15.0000,508.0000,3358,620.3333
M0001,3075,2026-08-17,46,BB,31,2026-08-17T19:54:00+09:00,9,589,15.0000,574.0000,3367,1194.3333
M0001,3075,2026-08-17,47,BB,32,2026-08-17T20:55:00+09:00,637,85,1061.6667,-976.6667,4004,217.6667
M0001,3075,2026-08-17,48,ART,0,2026-08-17T20:56:00+09:00,0,-2,0.0000,-2.0000,4004,215.6667
M0001,3075,2026-08-17,49,BB,33,2026-08-17T20:57:00+09:00,4,85,6.6667,78.3333,4008,294.0000
M0001,3075,2026-08-17,50,BB,34,2026-08-17T20:59:00+09:00,5,567,8.3333,558.6667,4013,852.6667
M0001,3075,2026-08-17,51,BB,35,2026-08-17T21:04:00+09:00,8,317,13.3333,303.6667,4021,1156.3333
M0001,3075,2026-08-18,1,BB,1,2026-08-18T10:12:00+09:00,111,83,185.0000,-102.0000,111,-102.0000
M0001,3075,2026-08-18,2,ART,0,2026-08-18T10:13:00+09:00,0,-2,0.0000,-2.0000,111,-104.0000
M0001,3075,2026-08-18,3,BB,2,2026-08-18T10:14:00+09:00,7,168,11.6667,156.3333,118,52.3333
M0001,3075,2026-08-18,4,BB,3,2026-08-18T10:31:00+09:00,230,85,383.3333,-298.3333,348,-246.0000
M0001,3075,2026-08-18,5,ART,0,2026-08-18T10:32:00+09:00,0,-2,0.0000,-2.0000,348,-248.0000
M0001,3075,2026-08-18,6,BB,4,2026-08-18T10:34:00+09:00,6,272,10.0000,262.0000,354,14.0000
M0001,3075,2026-08-18,7,BB,5,2026-08-18T11:25:00+09:00,691,87,1151.6667,-1064.6667,1045,-1050.6667
M0001,3075,2026-08-18,8,ART,0,2026-08-18T11:26:00+09:00,0,-2,0.0000,-2.0000,1045,-1052.6667
M0001,3075,2026-08-18,9,BB,6,2026-08-18T11:27:00+09:00,5,534,8.3333,525.6667,1050,-527.0000
M0001,3075,2026-08-18,10,BB,7,2026-08-18T11:33:00+09:00,4,161,6.6667,154.3333,1054,-372.6667
M0001,3075,2026-08-18,11,BB,8,2026-08-18T11:36:00+09:00,9,341,15.0000,326.0000,1063,-46.6667
M0001,3075,2026-08-18,12,BB,9,2026-08-18T11:43:00+09:00,48,83,80.0000,3.0000,1111,-43.6667
M0001,3075,2026-08-18,13,ART,0,2026-08-18T11:44:00+09:00,0,0,0.0000,0.0000,1111,-43.6667
M0001,3075,2026-08-19,1,BB,1,2026-08-19T10:20:00+09:00,231,87,385.0000,-298.0000,231,-298.0000
M0001,3075,2026-08-19,2,ART,0,2026-08-19T10:21:00+09:00,0,-2,0.0000,-2.0000,231,-300.0000
M0001,3075,2026-08-19,3,BB,2,2026-08-19T10:22:00+09:00,9,306,15.0000,291.0000,240,-9.0000
M0001,3075,2026-08-19,4,BB,3,2026-08-19T10:26:00+09:00,4,87,6.6667,80.3333,244,71.3333
M0001,3075,2026-08-19,5,BB,4,2026-08-19T10:48:00+09:00,303,87,505.0000,-418.0000,547,-346.6667
M0001,3075,2026-08-19,6,ART,0,2026-08-19T10:48:00+09:00,1,-2,1.6667,-3.6667,548,-350.3333
M0001,3075,2026-08-19,7,BB,5,2026-08-19T10:54:00+09:00,67,87,111.6667,-24.6667,615,-375.0000
M0001,3075,2026-08-19,8,ART,0,2026-08-19T10:54:00+09:00,1,-2,1.6667,-3.6667,616,-378.6667
M0001,3075,2026-08-19,9,BB,6,2026-08-19T10:59:00+09:00,48,71,80.0000,-9.0000,664,-387.6667
M0001,3075,2026-08-19,10,ART,0,2026-08-19T11:00:00+09:00,1,-2,1.6667,-3.6667,665,-391.3333
M0001,3075,2026-08-19,11,BB,7,2026-08-19T11:25:00+09:00,324,85,540.0000,-455.0000,989,-846.3333
M0001,3075,2026-08-19,12,ART,0,2026-08-19T11:26:00+09:00,1,-2,1.6667,-3.6667,990,-850.0000
M0001,3075,2026-08-19,13,BB,8,2026-08-19T11:52:00+09:00,351,77,585.0000,-508.0000,1341,-1358.0000
M0001,3075,2026-08-19,14,ART,0,2026-08-19T11:53:00+09:00,1,-2,1.6667,-3.6667,1342,-1361.6667
M0001,3075,2026-08-19,15,BB,9,2026-08-19T11:58:00+09:00,55,87,91.6667,-4.6667,1397,-1366.3333
M0001,3075,2026-08-19,16,ART,0,2026-08-19T11:58:00+09:00,1,24,1.6667,22.3333,1398,-1344.0000
M0001,3075,2026-08-19,17,BB,10,2026-08-19T11:59:00+09:00,1,347,1.6667,345.3333,1399,-998.6667
M0001,3075,2026-08-19,18,BB,11,2026-08-19T18:56:00+09:00,643,85,1071.6667,-986.6667,2042,-1985.3333
M0001,3075,2026-08-19,19,ART,0,2026-08-19T18:57:00+09:00,0,-2,0.0000,-2.0000,2042,-1987.3333
M0001,3075,2026-08-19,20,BB,12,2026-08-19T19:17:00+09:00,282,87,470.0000,-383.0000,2324,-2370.3333
M0001,3075,2026-08-19,21,ART,0,2026-08-19T19:17:00+09:00,1,-2,1.6667,-3.6667,2325,-2374.0000
M0001,3075,2026-08-19,22,BB,13,2026-08-19T19:29:00+09:00,145,85,241.6667,-156.6667,2470,-2530.6667
M0001,3075,2026-08-19,23,ART,0,2026-08-19T19:29:00+09:00,1,-2,1.6667,-3.6667,2471,-2534.3333
M0001,3075,2026-08-19,24,BB,14,2026-08-19T19:30:00+09:00,3,456,5.0000,451.0000,2474,-2083.3333
M0001,3075,2026-08-19,25,BB,15,2026-08-19T19:35:00+09:00,6,321,10.0000,311.0000,2480,-1772.3333
M0001,3075,2026-08-19,26,BB,16,2026-08-19T20:07:00+09:00,364,85,606.6667,-521.6667,2844,-2294.0000
M0001,3075,2026-08-19,27,ART,0,2026-08-19T20:07:00+09:00,0,-2,0.0000,-2.0000,2844,-2296.0000
M0001,3075,2026-08-19,28,BB,17,2026-08-19T20:09:00+09:00,9,402,15.0000,387.0000,2853,-1909.0000
M0001,3075,2026-08-19,29,BB,18,2026-08-19T20:51:00+09:00,549,87,915.0000,-828.0000,3402,-2737.0000
M0001,3075,2026-08-19,30,ART,0,2026-08-19T20:51:00+09:00,1,-4,1.6667,-5.6667,3403,-2742.6667
M0001,3075,2026-08-19,31,BB,19,2026-08-19T20:53:00+09:00,6,319,10.0000,309.0000,3409,-2433.6667
M0001,3075,2026-08-19,32,BB,20,2026-08-19T20:56:00+09:00,7,166,11.6667,154.3333,3416,-2279.3333
M0001,3075,2026-08-19,33,BB,21,2026-08-19T20:59:00+09:00,5,429,8.3333,420.6667,3421,-1858.6667
M0001,3075,2026-08-19,34,BB,22,2026-08-19T21:03:00+09:00,12,169,20.0000,149.0000,3433,-1709.6667
M0001,3075,2026-08-19,35,BB,23,2026-08-19T21:06:00+09:00,12,474,20.0000,454.0000,3445,-1255.6667
M0001,3075,2026-08-19,36,BB,24,2026-08-19T21:13:00+09:00,37,566,61.6667,504.3333,3482,-751.3333
M0001,3075,2026-08-19,37,ART,0,2026-08-19T21:18:00+09:00,0,-2,0.0000,-2.0000,3482,-753.3333
M0001,3075,2026-08-19,38,BB,25,2026-08-19T21:19:00+09:00,6,405,10.0000,395.0000,3488,-358.3333
M0001,3075,2026-08-20,1,BB,1,2026-08-20T10:49:00+09:00,630,85,1050.0000,-965.0000,630,-965.0000
M0001,3075,2026-08-20,2,ART,0,2026-08-20T10:50:00+09:00,0,-2,0.0000,-2.0000,630,-967.0000
M0001,3075,2026-08-20,3,BB,2,2026-08-20T11:51:00+09:00,729,236,1215.0000,-979.0000,1359,-1946.0000
M0001,3075,2026-08-20,4,ART,0,2026-08-20T11:54:00+09:00,1,-2,1.6667,-3.6667,1360,-1949.6667
M0001,3075,2026-08-20,5,BB,3,2026-08-20T12:56:00+09:00,142,83,236.6667,-153.6667,1502,-2103.3333
M0001,3075,2026-08-20,6,ART,0,2026-08-20T12:57:00+09:00,1,-2,1.6667,-3.6667,1503,-2107.0000
M0001,3075,2026-08-20,7,BB,4,2026-08-20T13:18:00+09:00,291,85,485.0000,-400.0000,1794,-2507.0000
M0001,3075,2026-08-20,8,ART,0,2026-08-20T13:19:00+09:00,1,-2,1.6667,-3.6667,1795,-2510.6667
M0001,3075,2026-08-20,9,BB,5,2026-08-20T13:21:00+09:00,10,240,16.6667,223.3333,1805,-2287.3333
M0001,3075,2026-08-20,10,BB,6,2026-08-20T16:54:00+09:00,73,85,121.6667,-36.6667,1878,-2324.0000
M0001,3075,2026-08-20,11,ART,0,2026-08-20T16:55:00+09:00,0,-2,0.0000,-2.0000,1878,-2326.0000
M0001,3075,2026-08-20,12,BB,7,2026-08-20T18:16:00+09:00,745,83,1241.6667,-1158.6667,2623,-3484.6667
M0001,3075,2026-08-20,13,ART,0,2026-08-20T18:22:00+09:00,1,-2,1.6667,-3.6667,2624,-3488.3333
M0001,3075,2026-08-20,14,BB,8,2026-08-20T18:23:00+09:00,5,402,8.3333,393.6667,2629,-3094.6667
M0001,3075,2026-08-20,15,BB,9,2026-08-20T18:27:00+09:00,12,321,20.0000,301.0000,2641,-2793.6667
M0001,3075,2026-08-20,16,BB,10,2026-08-20T18:32:00+09:00,9,85,15.0000,70.0000,2650,-2723.6667
M0001,3075,2026-08-23,1,BB,1,2026-08-23T10:21:00+09:00,208,87,346.6667,-259.6667,208,-259.6667
M0001,3075,2026-08-23,2,ART,0,2026-08-23T10:22:00+09:00,0,0,0.0000,0.0000,208,-259.6667
M0001,3075,2026-08-23,3,BB,2,2026-08-23T10:33:00+09:00,149,87,248.3333,-161.3333,357,-421.0000
M0001,3075,2026-08-23,4,ART,0,2026-08-23T10:33:00+09:00,1,-2,1.6667,-3.6667,358,-424.6667
M0001,3075,2026-08-23,5,BB,3,2026-08-23T10:35:00+09:00,7,509,11.6667,497.3333,365,72.6667
M0001,3075,2026-08-23,6,BB,4,2026-08-23T11:27:00+09:00,683,83,1138.3333,-1055.3333,1048,-982.6667
M0001,3075,2026-08-23,7,ART,0,2026-08-23T11:28:00+09:00,1,24,1.6667,22.3333,1049,-960.3333
M0001,3075,2026-08-23,8,BB,5,2026-08-23T11:29:00+09:00,1,320,1.6667,318.3333,1050,-642.0000
M0001,3075,2026-08-23,9,BB,6,2026-08-23T11:33:00+09:00,4,505,6.6667,498.3333,1054,-143.6667
M0001,3075,2026-08-23,10,BB,7,2026-08-23T12:30:00+09:00,772,85,1286.6667,-1201.6667,1826,-1345.3333
M0001,3075,2026-08-23,11,ART,0,2026-08-23T12:31:00+09:00,0,-2,0.0000,-2.0000,1826,-1347.3333
M0001,3075,2026-08-23,12,BB,8,2026-08-23T12:31:00+09:00,5,167,8.3333,158.6667,1831,-1188.6667
M0001,3075,2026-08-23,13,BB,9,2026-08-23T12:33:00+09:00,4,317,6.6667,310.3333,1835,-878.3333
M0001,3075,2026-08-23,14,BB,10,2026-08-23T12:38:00+09:00,4,171,6.6667,164.3333,1839,-714.0000
M0001,3075,2026-08-23,15,BB,11,2026-08-23T12:41:00+09:00,9,275,15.0000,260.0000,1848,-454.0000
M0001,3075,2026-08-23,16,BB,12,2026-08-23T12:53:00+09:00,139,87,231.6667,-144.6667,1987,-598.6667
M0001,3075,2026-08-23,17,ART,0,2026-08-23T12:54:00+09:00,0,-2,0.0000,-2.0000,1987,-600.6667
M0001,3075,2026-08-23,18,BB,13,2026-08-23T13:04:00+09:00,144,87,240.0000,-153.0000,2131,-753.6667
M0001,3075,2026-08-23,19,ART,0,2026-08-23T13:05:00+09:00,1,-2,1.6667,-3.6667,2132,-757.3333
M0001,3075,2026-08-23,20,BB,14,2026-08-23T13:06:00+09:00,9,241,15.0000,226.0000,2141,-531.3333
M0001,3075,2026-08-23,21,BB,15,2026-08-23T13:34:00+09:00,370,85,616.6667,-531.6667,2511,-1063.0000
M0001,3075,2026-08-23,22,ART,0,2026-08-23T13:35:00+09:00,0,0,0.0000,0.0000,2511,-1063.0000
M0001,3075,2026-08-23,23,BB,16,2026-08-23T13:36:00+09:00,7,323,11.6667,311.3333,2518,-751.6667
M0001,3075,2026-08-23,24,BB,17,2026-08-23T13:48:00+09:00,145,85,241.6667,-156.6667,2663,-908.3333
M0001,3075,2026-08-23,25,ART,0,2026-08-23T13:49:00+09:00,0,0,0.0000,0.0000,2663,-908.3333
M0001,3075,2026-08-23,26,BB,18,2026-08-23T14:12:00+09:00,333,85,555.0000,-470.0000,2996,-1378.3333
M0001,3075,2026-08-23,27,ART,0,2026-08-23T14:13:00+09:00,1,-2,1.6667,-3.6667,2997,-1382.0000
M0001,3075,2026-08-23,28,BB,19,2026-08-23T14:14:00+09:00,10,379,16.6667,362.3333,3007,-1019.6667
M0001,3075,2026-08-23,29,BB,20,2026-08-23T14:18:00+09:00,6,169,10.0000,159.0000,3013,-860.6667
M0001,3075,2026-08-23,30,BB,21,2026-08-23T14:20:00+09:00,5,639,8.3333,630.6667,3018,-230.0000
M0001,3075,2026-08-23,31,BB,22,2026-08-23T14:29:00+09:00,51,503,85.0000,418.0000,3069,188.0000
M0001,3075,2026-08-23,32,ART,0,2026-08-23T14:33:00+09:00,0,-2,0.0000,-2.0000,3069,186.0000
M0001,3075,2026-08-23,33,BB,23,2026-08-23T15:00:00+09:00,289,87,481.6667,-394.6667,3358,-208.6667
M0001,3075,2026-08-23,34,ART,0,2026-08-23T15:01:00+09:00,1,-2,1.6667,-3.6667,3359,-212.3333
M0001,3075,2026-08-23,35,BB,24,2026-08-23T15:06:00+09:00,64,83,106.6667,-23.6667,3423,-236.0000
M0001,3075,2026-08-23,36,ART,0,2026-08-23T15:07:00+09:00,1,-2,1.6667,-3.6667,3424,-239.6667
M0001,3075,2026-08-23,37,BB,25,2026-08-23T15:17:00+09:00,139,85,231.6667,-146.6667,3563,-386.3333
M0001,3075,2026-08-23,38,ART,0,2026-08-23T15:18:00+09:00,1,-2,1.6667,-3.6667,3564,-390.0000
M0001,3075,2026-08-23,39,BB,26,2026-08-23T15:19:00+09:00,5,166,8.3333,157.6667,3569,-232.3333
M0001,3075,2026-08-23,40,BB,27,2026-08-23T15:22:00+09:00,11,317,18.3333,298.6667,3580,66.3333
M0001,3075,2026-08-23,41,BB,28,2026-08-23T15:27:00+09:00,11,283,18.3333,264.6667,3591,331.0000
M0001,3075,2026-08-23,42,BB,29,2026-08-23T16:10:00+09:00,186,87,310.0000,-223.0000,3777,108.0000
M0001,3075,2026-08-23,43,ART,0,2026-08-23T16:10:00+09:00,0,-2,0.0000,-2.0000,3777,106.0000
M0001,3075,2026-08-23,44,BB,30,2026-08-23T16:11:00+09:00,7,290,11.6667,278.3333,3784,384.3333
M0001,3075,2026-08-23,45,BB,31,2026-08-23T16:19:00+09:00,42,85,70.0000,15.0000,3826,399.3333
M0001,3075,2026-08-23,46,ART,0,2026-08-23T16:20:00+09:00,0,12,0.0000,12.0000,3826,411.3333
M0001,3075,2026-08-23,47,BB,32,2026-08-23T16:20:00+09:00,2,164,3.3333,160.6667,3828,572.0000
M0001,3075,2026-08-23,48,BB,33,2026-08-23T16:55:00+09:00,337,85,561.6667,-476.6667,4165,95.3333
M0001,3075,2026-08-23,49,ART,0,2026-08-23T16:55:00+09:00,0,-2,0.0000,-2.0000,4165,93.3333
M0001,3075,2026-08-23,50,BB,34,2026-08-23T17:39:00+09:00,531,87,885.0000,-798.0000,4696,-704.6667
M0001,3075,2026-08-23,51,ART,0,2026-08-23T17:40:00+09:00,1,-2,1.6667,-3.6667,4697,-708.3333
M0001,3075,2026-08-23,52,BB,35,2026-08-23T17:57:00+09:00,248,83,413.3333,-330.3333,4945,-1038.6667
M0001,3075,2026-08-23,53,ART,0,2026-08-23T17:58:00+09:00,1,-2,1.6667,-3.6667,4946,-1042.3333
M0001,3075,2026-08-23,54,BB,36,2026-08-23T18:00:00+09:00,8,539,13.3333,525.6667,4954,-516.6667
M0001,3075,2026-08-23,55,BB,37,2026-08-23T18:06:00+09:00,10,163,16.6667,146.3333,4964,-370.3333
M0001,3075,2026-08-23,56,BB,38,2026-08-23T18:12:00+09:00,52,87,86.6667,0.3333,5016,-370.0000
M0001,3075,2026-08-23,57,ART,0,2026-08-23T18:12:00+09:00,0,-2,0.0000,-2.0000,5016,-372.0000
M0001,3075,2026-08-23,58,BB,39,2026-08-23T18:13:00+09:00,5,82,8.3333,73.6667,5021,-298.3333
M0001,3075,2026-08-23,59,BB,40,2026-08-23T18:15:00+09:00,9,87,15.0000,72.0000,5030,-226.3333
M0001,3075,2026-08-23,60,BB,41,2026-08-23T18:17:00+09:00,13,167,21.6667,145.3333,5043,-81.0000
M0001,3075,2026-08-23,61,BB,42,2026-08-23T18:20:00+09:00,5,87,8.3333,78.6667,5048,-2.3333
M0001,3075,2026-08-23,62,BB,43,2026-08-23T19:08:00+09:00,586,85,976.6667,-891.6667,5634,-894.0000
M0001,3075,2026-08-23,63,ART,0,2026-08-23T19:08:00+09:00,0,-2,0.0000,-2.0000,5634,-896.0000
M0001,3075,2026-08-23,64,BB,44,2026-08-23T19:09:00+09:00,3,314,5.0000,309.0000,5637,-587.0000
M0001,3075,2026-08-23,65,BB,45,2026-08-23T19:13:00+09:00,9,165,15.0000,150.0000,5646,-437.0000
M0001,3075,2026-08-23,66,BB,46,2026-08-23T19:19:00+09:00,57,87,95.0000,-8.0000,5703,-445.0000
M0001,3075,2026-08-23,67,ART,0,2026-08-23T19:20:00+09:00,0,-2,0.0000,-2.0000,5703,-447.0000
M0001,3075,2026-08-23,68,BB,47,2026-08-23T19:21:00+09:00,5,415,8.3333,406.6667,5708,-40.3333
M0001,3075,2026-08-23,69,BB,48,2026-08-23T20:38:00+09:00,1036,243,1726.6667,-1483.6667,6744,-1524.0000
M0001,3075,2026-08-23,70,ART,0,2026-08-23T20:40:00+09:00,0,-2,0.0000,-2.0000,6744,-1526.0000
M0001,3075,2026-08-23,71,BB,49,2026-08-23T20:44:00+09:00,47,85,78.3333,6.6667,6791,-1519.3333
M0001,3075,2026-08-23,72,ART,0,2026-08-23T20:45:00+09:00,1,-2,1.6667,-3.6667,6792,-1523.0000
M0001,3075,2026-08-23,73,BB,50,2026-08-23T20:48:00+09:00,35,241,58.3333,182.6667,6827,-1340.3333
M0001,3075,2026-08-23,74,ART,0,2026-08-23T21:02:00+09:00,1,-2,1.6667,-3.6667,6828,-1344.0000
M0001,3075,2026-08-23,75,BB,51,2026-08-23T21:03:00+09:00,5,179,8.3333,170.6667,6833,-1173.3333
M0001,3075,2026-08-23,76,BB,52,2026-08-23T21:05:00+09:00,9,323,15.0000,308.0000,6842,-865.3333
M0001,3075,2026-08-24,1,BB,1,2026-08-24T10:54:00+09:00,674,85,1123.3333,-1038.3333,674,-1038.3333
M0001,3075,2026-08-24,2,ART,0,2026-08-24T10:54:00+09:00,0,-2,0.0000,-2.0000,674,-1040.3333
M0001,3075,2026-08-24,3,BB,2,2026-08-24T11:05:00+09:00,139,87,231.6667,-144.6667,813,-1185.0000
M0001,3075,2026-08-24,4,ART,0,2026-08-24T11:06:00+09:00,1,0,1.6667,-1.6667,814,-1186.6667
M0001,3075,2026-08-24,5,BB,3,2026-08-24T11:09:00+09:00,36,83,60.0000,23.0000,850,-1163.6667
M0001,3075,2026-08-24,6,ART,0,2026-08-24T11:10:00+09:00,1,-2,1.6667,-3.6667,851,-1167.3333
M0001,3075,2026-08-24,7,BB,4,2026-08-24T11:48:00+09:00,244,87,406.6667,-319.6667,1095,-1487.0000
M0001,3075,2026-08-24,8,ART,0,2026-08-24T11:49:00+09:00,1,-2,1.6667,-3.6667,1096,-1490.6667
M0001,3075,2026-08-24,9,BB,5,2026-08-24T11:51:00+09:00,8,162,13.3333,148.6667,1104,-1342.0000
M0001,3075,2026-08-24,10,BB,6,2026-08-24T11:55:00+09:00,12,431,20.0000,411.0000,1116,-931.0000
M0001,3075,2026-08-24,11,BB,7,2026-08-24T12:00:00+09:00,12,537,20.0000,517.0000,1128,-414.0000
M0001,3075,2026-08-24,12,BB,8,2026-08-24T12:06:00+09:00,6,1265,10.0000,1255.0000,1134,841.0000
M0001,3075,2026-08-24,13,BB,9,2026-08-24T12:19:00+09:00,13,431,21.6667,409.3333,1147,1250.3333
M0001,3075,2026-08-24,14,BB,10,2026-08-24T12:24:00+09:00,10,419,16.6667,402.3333,1157,1652.6667
M0001,3075,2026-08-24,15,BB,11,2026-08-24T12:31:00+09:00,37,580,61.6667,518.3333,1194,2171.0000
M0001,3075,2026-08-24,16,ART,0,2026-08-24T12:36:00+09:00,0,0,0.0000,0.0000,1194,2171.0000
M0001,3075,2026-08-24,17,BB,12,2026-08-24T12:37:00+09:00,2,409,3.3333,405.6667,1196,2576.6667
M0001,3075,2026-08-24,18,BB,13,2026-08-24T13:36:00+09:00,466,83,776.6667,-693.6667,1662,1883.0000
M0001,3075,2026-08-24,19,ART,0,2026-08-24T13:40:00+09:00,1,0,1.6667,-1.6667,1663,1881.3333
M0001,3075,2026-08-24,20,BB,14,2026-08-24T15:08:00+09:00,496,77,826.6667,-749.6667,2159,1131.6667
M0001,3075,2026-08-24,21,ART,0,2026-08-24T15:10:00+09:00,1,0,1.6667,-1.6667,2160,1130.0000
M0001,3075,2026-08-24,22,BB,15,2026-08-24T15:28:00+09:00,246,83,410.0000,-327.0000,2406,803.0000
M0001,3075,2026-08-24,23,ART,0,2026-08-24T15:29:00+09:00,1,-2,1.6667,-3.6667,2407,799.3333
M0001,3075,2026-08-24,24,BB,16,2026-08-24T15:53:00+09:00,238,85,396.6667,-311.6667,2645,487.6667
M0001,3075,2026-08-24,25,ART,0,2026-08-24T15:54:00+09:00,1,-2,1.6667,-3.6667,2646,484.0000
M0001,3075,2026-08-24,26,BB,17,2026-08-24T16:18:00+09:00,320,85,533.3333,-448.3333,2966,35.6667
M0001,3075,2026-08-24,27,ART,0,2026-08-24T16:18:00+09:00,1,-2,1.6667,-3.6667,2967,32.0000
M0001,3075,2026-08-24,28,BB,18,2026-08-24T16:37:00+09:00,255,85,425.0000,-340.0000,3222,-308.0000
M0001,3075,2026-08-24,29,ART,0,2026-08-24T16:38:00+09:00,1,-2,1.6667,-3.6667,3223,-311.6667
M0001,3075,2026-08-24,30,BB,19,2026-08-24T16:39:00+09:00,7,533,11.6667,521.3333,3230,209.6667
M0001,3075,2026-08-24,31,BB,20,2026-08-24T17:32:00+09:00,338,87,563.3333,-476.3333,3568,-266.6667
M0001,3075,2026-08-24,32,ART,0,2026-08-24T17:33:00+09:00,0,-2,0.0000,-2.0000,3568,-268.6667
M0001,3075,2026-08-24,33,BB,21,2026-08-24T17:40:00+09:00,93,85,155.0000,-70.0000,3661,-338.6667
M0001,3075,2026-08-24,34,ART,0,2026-08-24T17:41:00+09:00,1,-2,1.6667,-3.6667,3662,-342.3333
M0001,3075,2026-08-24,35,BB,22,2026-08-24T17:59:00+09:00,251,83,418.3333,-335.3333,3913,-677.6667
M0001,3075,2026-08-24,36,ART,0,2026-08-24T18:00:00+09:00,1,-2,1.6667,-3.6667,3914,-681.3333
M0001,3075,2026-08-24,37,BB,23,2026-08-24T18:01:00+09:00,10,264,16.6667,247.3333,3924,-434.0000
M0001,3075,2026-08-24,38,BB,24,2026-08-24T18:05:00+09:00,4,253,6.6667,246.3333,3928,-187.6667
M0001,3075,2026-08-24,39,BB,25,2026-08-24T18:08:00+09:00,9,240,15.0000,225.0000,3937,37.3333
M0001,3075,2026-08-24,40,BB,26,2026-08-24T18:12:00+09:00,7,429,11.6667,417.3333,3944,454.6667
M0001,3075,2026-08-24,41,BB,27,2026-08-24T18:52:00+09:00,473,85,788.3333,-703.3333,4417,-248.6667
M0001,3075,2026-08-24,42,ART,0,2026-08-24T18:53:00+09:00,0,-2,0.0000,-2.0000,4417,-250.6667
M0001,3075,2026-08-24,43,BB,28,2026-08-24T18:55:00+09:00,8,314,13.3333,300.6667,4425,50.0000
M0001,3075,2026-08-24,44,BB,29,2026-08-24T19:36:00+09:00,534,87,890.0000,-803.0000,4959,-753.0000
M0001,3075,2026-08-24,45,ART,0,2026-08-24T19:37:00+09:00,0,-2,0.0000,-2.0000,4959,-755.0000
M0001,3075,2026-08-24,46,BB,30,2026-08-24T20:03:00+09:00,281,85,468.3333,-383.3333,5240,-1138.3333
M0001,3075,2026-08-24,47,ART,0,2026-08-24T20:04:00+09:00,1,-2,1.6667,-3.6667,5241,-1142.0000
M0001,3075,2026-08-24,48,BB,31,2026-08-24T20:04:00+09:00,4,321,6.6667,314.3333,5245,-827.6667
M0001,3075,2026-08-24,49,BB,32,2026-08-24T20:08:00+09:00,4,317,6.6667,310.3333,5249,-517.3333
M0001,3075,2026-08-24,50,BB,33,2026-08-24T20:11:00+09:00,10,283,16.6667,266.3333,5259,-251.0000
M0001,3075,2026-08-24,51,BB,34,2026-08-24T20:54:00+09:00,564,83,940.0000,-857.0000,5823,-1108.0000
M0001,3075,2026-08-24,52,ART,0,2026-08-24T20:55:00+09:00,0,12,0.0000,12.0000,5823,-1096.0000
M0001,3075,2026-08-24,53,BB,35,2026-08-24T20:56:00+09:00,5,609,8.3333,600.6667,5828,-495.3333
M0001,3075,2026-08-24,54,BB,36,2026-08-24T21:05:00+09:00,52,85,86.6667,-1.6667,5880,-497.0000
M0001,3075,2026-08-24,55,ART,0,2026-08-24T21:06:00+09:00,0,-2,0.0000,-2.0000,5880,-499.0000
M0001,3075,2026-08-24,56,BB,37,2026-08-24T21:08:00+09:00,7,524,11.6667,512.3333,5887,13.3333
M0001,3075,2026-08-25,1,BB,1,2026-08-25T10:51:00+09:00,632,87,1053.3333,-966.3333,632,-966.3333
M0001,3075,2026-08-25,2,ART,0,2026-08-25T10:52:00+09:00,0,-2,0.0000,-2.0000,632,-968.3333
M0001,3075,2026-08-25,3,BB,2,2026-08-25T10:54:00+09:00,11,760,18.3333,741.6667,643,-226.6667
M0001,3075,2026-08-25,4,BB,3,2026-08-25T11:01:00+09:00,4,87,6.6667,80.3333,647,-146.3333
M0001,3075,2026-08-25,5,BB,4,2026-08-25T11:14:00+09:00,167,57,278.3333,-221.3333,814,-367.6667
M0001,3075,2026-08-25,6,ART,0,2026-08-25T11:14:00+09:00,0,-2,0.0000,-2.0000,814,-369.6667
M0001,3075,2026-08-25,7,BB,5,2026-08-25T11:29:00+09:00,208,83,346.6667,-263.6667,1022,-633.3333
M0001,3075,2026-08-25,8,ART,0,2026-08-25T11:30:00+09:00,1,-2,1.6667,-3.6667,1023,-637.0000
M0001,3075,2026-08-25,9,BB,6,2026-08-25T11:31:00+09:00,4,264,6.6667,257.3333,1027,-379.6667
M0001,3075,2026-08-25,10,BB,7,2026-08-25T11:35:00+09:00,9,312,15.0000,297.0000,1036,-82.6667
M0001,3075,2026-08-25,11,BB,8,2026-08-25T11:48:00+09:00,150,87,250.0000,-163.0000,1186,-245.6667
M0001,3075,2026-08-25,12,ART,0,2026-08-25T11:49:00+09:00,0,-2,0.0000,-2.0000,1186,-247.6667
M0001,3075,2026-08-25,13,BB,9,2026-08-25T11:50:00+09:00,5,85,8.3333,76.6667,1191,-171.0000
M0001,3075,2026-08-25,14,BB,10,2026-08-25T12:11:00+09:00,284,87,473.3333,-386.3333,1475,-557.3333
M0001,3075,2026-08-25,15,ART,0,2026-08-25T12:12:00+09:00,0,-2,0.0000,-2.0000,1475,-559.3333
M0001,3075,2026-08-25,16,BB,11,2026-08-25T12:14:00+09:00,9,168,15.0000,153.0000,1484,-406.3333
M0001,3075,2026-08-25,17,BB,12,2026-08-25T12:16:00+09:00,11,324,18.3333,305.6667,1495,-100.6667
M0001,3075,2026-08-25,18,BB,13,2026-08-25T12:21:00+09:00,12,273,20.0000,253.0000,1507,152.3333
M0001,3075,2026-08-25,19,BB,14,2026-08-25T12:43:00+09:00,286,87,476.6667,-389.6667,1793,-237.3333
M0001,3075,2026-08-25,20,ART,0,2026-08-25T12:44:00+09:00,0,-2,0.0000,-2.0000,1793,-239.3333
M0001,3075,2026-08-25,21,BB,15,2026-08-25T12:45:00+09:00,9,240,15.0000,225.0000,1802,-14.3333
M0001,3075,2026-08-25,22,BB,16,2026-08-25T13:03:00+09:00,145,87,241.6667,-154.6667,1947,-169.0000
M0001,3075,2026-08-25,23,ART,0,2026-08-25T13:04:00+09:00,0,0,0.0000,0.0000,1947,-169.0000
M0001,3075,2026-08-25,24,BB,17,2026-08-25T13:05:00+09:00,3,325,5.0000,320.0000,1950,151.0000
M0001,3075,2026-08-25,25,BB,18,2026-08-25T13:11:00+09:00,40,83,66.6667,16.3333,1990,167.3333
M0001,3075,2026-08-25,26,ART,0,2026-08-25T13:12:00+09:00,0,-2,0.0000,-2.0000,1990,165.3333
M0001,3075,2026-08-25,27,BB,19,2026-08-25T13:14:00+09:00,10,334,16.6667,317.3333,2000,482.6667
M0001,3075,2026-08-25,28,BB,20,2026-08-25T13:18:00+09:00,10,167,16.6667,150.3333,2010,633.0000
M0001,3075,2026-08-25,29,BB,21,2026-08-25T13:47:00+09:00,375,83,625.0000,-542.0000,2385,91.0000
M0001,3075,2026-08-25,30,ART,0,2026-08-25T13:47:00+09:00,1,-2,1.6667,-3.6667,2386,87.3333
M0001,3075,2026-08-25,31,BB,22,2026-08-25T14:28:00+09:00,569,87,948.3333,-861.3333,2955,-774.0000
M0001,3075,2026-08-25,32,ART,0,2026-08-25T14:29:00+09:00,1,12,1.6667,10.3333,2956,-763.6667
M0001,3075,2026-08-25,33,BB,23,2026-08-25T14:29:00+09:00,2,179,3.3333,175.6667,2958,-588.0000
M0001,3075,2026-08-25,34,BB,24,2026-08-25T14:32:00+09:00,4,243,6.6667,236.3333,2962,-351.6667
M0001,3075,2026-08-25,35,BB,25,2026-08-25T14:36:00+09:00,10,255,16.6667,238.3333,2972,-113.3333
M0001,3075,2026-08-25,36,BB,26,2026-08-25T14:47:00+09:00,102,80,170.0000,-90.0000,3074,-203.3333
M0001,3075,2026-08-25,37,ART,0,2026-08-25T14:48:00+09:00,0,-2,0.0000,-2.0000,3074,-205.3333
M0001,3075,2026-08-25,38,BB,27,2026-08-25T14:49:00+09:00,6,325,10.0000,315.0000,3080,109.6667
M0001,3075,2026-08-25,39,BB,28,2026-08-25T14:54:00+09:00,38,87,63.3333,23.6667,3118,133.3333
M0001,3075,2026-08-25,40,ART,0,2026-08-25T14:55:00+09:00,0,-2,0.0000,-2.0000,3118,131.3333
M0001,3075,2026-08-25,41,BB,29,2026-08-25T15:46:00+09:00,351,85,585.0000,-500.0000,3469,-368.6667
M0001,3075,2026-08-25,42,ART,0,2026-08-25T15:47:00+09:00,1,0,1.6667,-1.6667,3470,-370.3333
M0001,3075,2026-08-25,43,BB,30,2026-08-25T15:49:00+09:00,7,291,11.6667,279.3333,3477,-91.0000
M0001,3075,2026-08-25,44,BB,31,2026-08-25T15:54:00+09:00,12,169,20.0000,149.0000,3489,58.0000
M0001,3075,2026-08-25,45,BB,32,2026-08-25T16:21:00+09:00,353,87,588.3333,-501.3333,3842,-443.3333
M0001,3075,2026-08-25,46,ART,0,2026-08-25T16:22:00+09:00,1,-2,1.6667,-3.6667,3843,-447.0000
M0001,3075,2026-08-25,47,BB,33,2026-08-25T16:49:00+09:00,285,87,475.0000,-388.0000,4128,-835.0000
M0001,3075,2026-08-25,48,ART,0,2026-08-25T16:50:00+09:00,1,-2,1.6667,-3.6667,4129,-838.6667
M0001,3075,2026-08-25,49,BB,34,2026-08-25T16:52:00+09:00,8,275,13.3333,261.6667,4137,-577.0000
M0001,3075,2026-08-25,50,BB,35,2026-08-25T16:57:00+09:00,11,275,18.3333,256.6667,4148,-320.3333
M0001,3075,2026-08-25,51,BB,36,2026-08-25T17:14:00+09:00,184,85,306.6667,-221.6667,4332,-542.0000
M0001,3075,2026-08-25,52,ART,0,2026-08-25T17:15:00+09:00,0,0,0.0000,0.0000,4332,-542.0000
M0001,3075,2026-08-25,53,BB,37,2026-08-25T17:17:00+09:00,9,278,15.0000,263.0000,4341,-279.0000
M0001,3075,2026-08-25,54,BB,38,2026-08-25T17:21:00+09:00,9,87,15.0000,72.0000,4350,-207.0000
M0001,3075,2026-08-25,55,BB,39,2026-08-25T17:23:00+09:00,4,247,6.6667,240.3333,4354,33.3333
M0001,3075,2026-08-25,56,BB,40,2026-08-25T17:59:00+09:00,252,85,420.0000,-335.0000,4606,-301.6667
M0001,3075,2026-08-25,57,ART,0,2026-08-25T18:00:00+09:00,0,-2,0.0000,-2.0000,4606,-303.6667
M0001,3075,2026-08-25,58,BB,41,2026-08-25T18:01:00+09:00,4,175,6.6667,168.3333,4610,-135.3333
M0001,3075,2026-08-25,59,BB,42,2026-08-25T18:03:00+09:00,4,87,6.6667,80.3333,4614,-55.0000
M0001,3075,2026-08-25,60,BB,43,2026-08-25T18:04:00+09:00,5,169,8.3333,160.6667,4619,105.6667
M0001,3075,2026-08-25,61,BB,44,2026-08-25T18:06:00+09:00,5,244,8.3333,235.6667,4624,341.3333
M0001,3075,2026-08-25,62,BB,45,2026-08-25T18:09:00+09:00,4,321,6.6667,314.3333,4628,655.6667
M0001,3075,2026-08-25,63,BB,46,2026-08-25T18:42:00+09:00,340,87,566.6667,-479.6667,4968,176.0000
M0001,3075,2026-08-25,64,ART,0,2026-08-25T18:43:00+09:00,0,-4,0.0000,-4.0000,4968,172.0000
M0001,3075,2026-08-25,65,BB,47,2026-08-25T18:44:00+09:00,4,444,6.6667,437.3333,4972,609.3333
M0001,3075,2026-08-25,66,BB,48,2026-08-25T18:49:00+09:00,11,411,18.3333,392.6667,4983,1002.0000
M0001,3075,2026-08-25,67,BB,49,2026-08-25T18:54:00+09:00,30,87,50.0000,37.0000,5013,1039.0000
M0001,3075,2026-08-25,68,ART,0,2026-08-25T18:55:00+09:00,0,-4,0.0000,-4.0000,5013,1035.0000
M0001,3075,2026-08-25,69,BB,50,2026-08-25T19:14:00+09:00,270,85,450.0000,-365.0000,5283,670.0000
M0001,3075,2026-08-25,70,ART,0,2026-08-25T19:15:00+09:00,2,12,3.3333,8.6667,5285,678.6667
M0001,3075,2026-08-25,71,BB,51,2026-08-25T19:16:00+09:00,2,260,3.3333,256.6667,5287,935.3333
M0001,3075,2026-08-25,72,BB,52,2026-08-25T19:19:00+09:00,10,259,16.6667,242.3333,5297,1177.6667
M0001,3075,2026-08-25,73,BB,53,2026-08-25T19:24:00+09:00,42,85,70.0000,15.0000,5339,1192.6667
M0001,3075,2026-08-25,74,ART,0,2026-08-25T19:25:00+09:00,0,-4,0.0000,-4.0000,5339,1188.6667
M0001,3075,2026-08-25,75,BB,54,2026-08-25T19:29:00+09:00,59,87,98.3333,-11.3333,5398,1177.3333
M0001,3075,2026-08-25,76,ART,0,2026-08-25T19:30:00+09:00,2,0,3.3333,-3.3333,5400,1174.0000
M0001,3075,2026-08-25,77,BB,55,2026-08-25T19:31:00+09:00,5,181,8.3333,172.6667,5405,1346.6667
M0001,3075,2026-08-25,78,BB,56,2026-08-25T19:57:00+09:00,287,81,478.3333,-397.3333,5692,949.3333
M0001,3075,2026-08-25,79,ART,0,2026-08-25T19:58:00+09:00,0,-2,0.0000,-2.0000,5692,947.3333
M0001,3075,2026-08-25,80,BB,57,2026-08-25T20:16:00+09:00,254,85,423.3333,-338.3333,5946,609.0000
M0001,3075,2026-08-25,81,ART,0,2026-08-25T20:17:00+09:00,1,-2,1.6667,-3.6667,5947,605.3333
M0001,3075,2026-08-25,82,BB,58,2026-08-25T20:35:00+09:00,262,83,436.6667,-353.6667,6209,251.6667
M0001,3075,2026-08-25,83,ART,0,2026-08-25T20:36:00+09:00,1,-2,1.6667,-3.6667,6210,248.0000
M0001,3075,2026-08-25,84,BB,59,2026-08-25T20:48:00+09:00,148,87,246.6667,-159.6667,6358,88.3333
M0001,3075,2026-08-25,85,ART,0,2026-08-25T20:49:00+09:00,1,-2,1.6667,-3.6667,6359,84.6667
M0001,3075,2026-08-25,86,BB,60,2026-08-25T21:48:00+09:00,684,85,1140.0000,-1055.0000,7043,-970.3333
M0001,3075,2026-08-25,87,ART,0,2026-08-25T21:49:00+09:00,1,-2,1.6667,-3.6667,7044,-974.0000
M0001,3075,2026-08-25,88,BB,61,2026-08-25T21:50:00+09:00,7,164,11.6667,152.3333,7051,-821.6667
M0001,3075,2026-08-25,89,BB,62,2026-08-25T21:52:00+09:00,5,299,8.3333,290.6667,7056,-531.0000
M0001,3075,2026-08-25,90,BB,63,2026-08-25T21:55:00+09:00,7,429,11.6667,417.3333,7063,-113.6667
M0001,3075,2026-08-25,91,BB,64,2026-08-25T22:00:00+09:00,11,497,18.3333,478.6667,7074,365.0000
M0001,3075,2026-08-25,92,BB,65,2026-08-25T22:08:00+09:00,53,420,88.3333,331.6667,7127,696.6667
M0001,3075,2026-08-25,93,ART,0,2026-08-25T22:12:00+09:00,0,-4,0.0000,-4.0000,7127,692.6667
M0001,3075,2026-08-26,1,BB,1,2026-08-26T10:44:00+09:00,394,83,656.6667,-573.6667,394,-573.6667
M0001,3075,2026-08-26,2,ART,0,2026-08-26T10:45:00+09:00,1,-2,1.6667,-3.6667,395,-577.3333
M0001,3075,2026-08-26,3,BB,2,2026-08-26T10:51:00+09:00,63,87,105.0000,-18.0000,458,-595.3333
M0001,3075,2026-08-26,4,ART,0,2026-08-26T10:52:00+09:00,1,-2,1.6667,-3.6667,459,-599.0000
M0001,3075,2026-08-26,5,BB,3,2026-08-26T14:42:00+09:00,282,87,470.0000,-383.0000,741,-982.0000
M0001,3075,2026-08-26,6,ART,0,2026-08-26T14:42:00+09:00,1,-2,1.6667,-3.6667,742,-985.6667
M0001,3075,2026-08-26,7,BB,4,2026-08-26T14:44:00+09:00,9,84,15.0000,69.0000,751,-916.6667
M0001,3075,2026-08-26,8,BB,5,2026-08-26T15:12:00+09:00,383,85,638.3333,-553.3333,1134,-1470.0000
M0001,3075,2026-08-26,9,ART,0,2026-08-26T15:13:00+09:00,0,-2,0.0000,-2.0000,1134,-1472.0000
M0001,3075,2026-08-26,10,BB,6,2026-08-26T15:26:00+09:00,177,87,295.0000,-208.0000,1311,-1680.0000
M0001,3075,2026-08-26,11,ART,0,2026-08-26T15:27:00+09:00,1,-2,1.6667,-3.6667,1312,-1683.6667
M0001,3075,2026-08-26,12,BB,7,2026-08-26T15:51:00+09:00,287,191,478.3333,-287.3333,1599,-1971.0000
M0001,3075,2026-08-26,13,ART,0,2026-08-26T15:53:00+09:00,1,12,1.6667,10.3333,1600,-1960.6667
M0001,3075,2026-08-26,14,BB,8,2026-08-26T15:54:00+09:00,2,260,3.3333,256.6667,1602,-1704.0000
M0001,3075,2026-08-26,15,BB,9,2026-08-26T15:57:00+09:00,7,321,11.6667,309.3333,1609,-1394.6667
M0001,3075,2026-08-26,16,BB,10,2026-08-26T16:01:00+09:00,4,279,6.6667,272.3333,1613,-1122.3333
M0001,3075,2026-08-26,17,BB,11,2026-08-26T16:04:00+09:00,6,167,10.0000,157.0000,1619,-965.3333
M0001,3075,2026-08-26,18,BB,12,2026-08-26T16:08:00+09:00,12,85,20.0000,65.0000,1631,-900.3333
M0001,3075,2026-08-26,19,BB,13,2026-08-26T16:10:00+09:00,6,581,10.0000,571.0000,1637,-329.3333
M0001,3075,2026-08-26,20,BB,14,2026-08-26T16:16:00+09:00,8,403,13.3333,389.6667,1645,60.3333
M0001,3075,2026-08-26,21,BB,15,2026-08-26T16:23:00+09:00,38,593,63.3333,529.6667,1683,590.0000
M0001,3075,2026-08-26,22,ART,0,2026-08-26T16:28:00+09:00,0,-2,0.0000,-2.0000,1683,588.0000
M0001,3075,2026-08-26,23,BB,16,2026-08-26T16:30:00+09:00,14,517,23.3333,493.6667,1697,1081.6667
M0001,3075,2026-08-26,24,BB,17,2026-08-26T16:55:00+09:00,236,85,393.3333,-308.3333,1933,773.3333
M0001,3075,2026-08-26,25,ART,0,2026-08-26T16:56:00+09:00,0,0,0.0000,0.0000,1933,773.3333
M0001,3075,2026-08-26,26,BB,18,2026-08-26T16:58:00+09:00,10,271,16.6667,254.3333,1943,1027.6667
M0001,3075,2026-08-26,27,BB,19,2026-08-26T17:51:00+09:00,598,87,996.6667,-909.6667,2541,118.0000
M0001,3075,2026-08-26,28,ART,0,2026-08-26T17:52:00+09:00,0,0,0.0000,0.0000,2541,118.0000
M0001,3075,2026-08-26,29,BB,20,2026-08-26T17:54:00+09:00,3,294,5.0000,289.0000,2544,407.0000
M0001,3075,2026-08-26,30,BB,21,2026-08-26T17:58:00+09:00,6,249,10.0000,239.0000,2550,646.0000
M0001,3075,2026-08-26,31,BB,22,2026-08-26T18:07:00+09:00,7,533,11.6667,521.3333,2557,1167.3333
M0001,3075,2026-08-26,32,BB,23,2026-08-26T18:16:00+09:00,53,550,88.3333,461.6667,2610,1629.0000
M0001,3075,2026-08-26,33,ART,0,2026-08-26T18:25:00+09:00,0,0,0.0000,0.0000,2610,1629.0000
M0001,3075,2026-08-26,34,BB,24,2026-08-26T18:44:00+09:00,263,83,438.3333,-355.3333,2873,1273.6667
M0001,3075,2026-08-26,35,ART,0,2026-08-26T18:45:00+09:00,1,-2,1.6667,-3.6667,2874,1270.0000
M0001,3075,2026-08-26,36,BB,25,2026-08-26T18:46:00+09:00,5,179,8.3333,170.6667,2879,1440.6667
M0001,3075,2026-08-26,37,BB,26,2026-08-26T19:30:00+09:00,531,87,885.0000,-798.0000,3410,642.6667
M0001,3075,2026-08-26,38,ART,0,2026-08-26T19:31:00+09:00,0,-2,0.0000,-2.0000,3410,640.6667
M0001,3075,2026-08-26,39,BB,27,2026-08-26T19:41:00+09:00,140,83,233.3333,-150.3333,3550,490.3333
M0001,3075,2026-08-26,40,ART,0,2026-08-26T19:42:00+09:00,1,-2,1.6667,-3.6667,3551,486.6667
M0001,3075,2026-08-26,41,BB,28,2026-08-26T19:46:00+09:00,65,83,108.3333,-25.3333,3616,461.3333
M0001,3075,2026-08-26,42,ART,0,2026-08-26T19:48:00+09:00,1,-2,1.6667,-3.6667,3617,457.6667
M0001,3075,2026-08-26,43,BB,29,2026-08-26T19:48:00+09:00,6,163,10.0000,153.0000,3623,610.6667
M0001,3075,2026-08-26,44,BB,30,2026-08-26T20:09:00+09:00,267,87,445.0000,-358.0000,3890,252.6667
M0001,3075,2026-08-26,45,ART,0,2026-08-26T20:09:00+09:00,1,-2,1.6667,-3.6667,3891,249.0000
M0001,3075,2026-08-26,46,BB,31,2026-08-26T20:10:00+09:00,4,498,6.6667,491.3333,3895,740.3333
M0001,3075,2026-08-26,47,BB,32,2026-08-26T20:39:00+09:00,355,87,591.6667,-504.6667,4250,235.6667
M0001,3075,2026-08-26,48,ART,0,2026-08-26T20:39:00+09:00,0,-2,0.0000,-2.0000,4250,233.6667
M0001,3075,2026-08-26,49,BB,33,2026-08-26T20:40:00+09:00,6,162,10.0000,152.0000,4256,385.6667
M0001,3075,2026-08-26,50,BB,34,2026-08-26T20:42:00+09:00,8,171,13.3333,157.6667,4264,543.3333
M0001,3075,2026-08-26,51,BB,35,2026-08-26T20:45:00+09:00,12,85,20.0000,65.0000,4276,608.3333
M0001,3075,2026-08-26,52,BB,36,2026-08-26T21:46:00+09:00,681,87,1135.0000,-1048.0000,4957,-439.6667
M0001,3075,2026-08-26,53,ART,0,2026-08-26T21:47:00+09:00,0,-2,0.0000,-2.0000,4957,-441.6667
M0001,3075,2026-08-26,54,BB,37,2026-08-26T21:48:00+09:00,5,444,8.3333,435.6667,4962,-6.0000
M0001,3075,2026-08-26,55,BB,38,2026-08-26T21:53:00+09:00,13,247,21.6667,225.3333,4975,219.3333
M0001,3075,2026-08-27,1,BB,1,2026-08-27T10:49:00+09:00,322,81,536.6667,-455.6667,322,-455.6667
M0001,3075,2026-08-27,2,ART,0,2026-08-27T10:50:00+09:00,0,-2,0.0000,-2.0000,322,-457.6667
M0001,3075,2026-08-27,3,BB,2,2026-08-27T10:51:00+09:00,6,406,10.0000,396.0000,328,-61.6667
M0001,3075,2026-08-27,4,BB,3,2026-08-27T10:58:00+09:00,38,87,63.3333,23.6667,366,-38.0000
M0001,3075,2026-08-27,5,ART,0,2026-08-27T10:59:00+09:00,0,-2,0.0000,-2.0000,366,-40.0000
M0001,3075,2026-08-27,6,BB,4,2026-08-27T11:25:00+09:00,62,85,103.3333,-18.3333,428,-58.3333
M0001,3075,2026-08-27,7,ART,0,2026-08-27T11:26:00+09:00,1,-4,1.6667,-5.6667,429,-64.0000
M0001,3075,2026-08-27,8,BB,5,2026-08-27T12:19:00+09:00,747,85,1245.0000,-1160.0000,1176,-1224.0000
M0001,3075,2026-08-27,9,ART,0,2026-08-27T12:20:00+09:00,1,0,1.6667,-1.6667,1177,-1225.6667
M0001,3075,2026-08-27,10,BB,6,2026-08-27T16:10:00+09:00,354,85,590.0000,-505.0000,1531,-1730.6667
M0001,3075,2026-08-27,11,ART,0,2026-08-27T16:10:00+09:00,1,-2,1.6667,-3.6667,1532,-1734.3333
M0001,3075,2026-08-27,12,BB,7,2026-08-27T16:24:00+09:00,176,87,293.3333,-206.3333,1708,-1940.6667
M0001,3075,2026-08-27,13,ART,0,2026-08-27T16:25:00+09:00,1,-2,1.6667,-3.6667,1709,-1944.3333
M0001,3075,2026-08-27,14,BB,8,2026-08-27T16:27:00+09:00,9,468,15.0000,453.0000,1718,-1491.3333
M0001,3075,2026-08-27,15,BB,9,2026-08-27T16:33:00+09:00,12,85,20.0000,65.0000,1730,-1426.3333
M0001,3075,2026-08-27,16,BB,10,2026-08-27T19:35:00+09:00,977,87,1628.3333,-1541.3333,2707,-2967.6667
M0001,3075,2026-08-27,17,ART,0,2026-08-27T19:36:00+09:00,0,-2,0.0000,-2.0000,2707,-2969.6667
M0001,3075,2026-08-27,18,BB,11,2026-08-27T19:49:00+09:00,155,205,258.3333,-53.3333,2862,-3023.0000
M0001,3075,2026-08-27,19,ART,0,2026-08-27T19:50:00+09:00,1,-2,1.6667,-3.6667,2863,-3026.6667
M0001,3075,2026-08-27,20,BB,12,2026-08-27T19:52:00+09:00,10,179,16.6667,162.3333,2873,-2864.3333
M0001,3075,2026-08-28,1,BB,1,2026-08-28T10:42:00+09:00,505,83,841.6667,-758.6667,505,-758.6667
M0001,3075,2026-08-28,2,ART,0,2026-08-28T10:43:00+09:00,0,-2,0.0000,-2.0000,505,-760.6667
M0001,3075,2026-08-28,3,BB,2,2026-08-28T10:44:00+09:00,3,451,5.0000,446.0000,508,-314.6667
M0001,3075,2026-08-28,4,BB,3,2026-08-28T10:49:00+09:00,9,169,15.0000,154.0000,517,-160.6667
M0001,3075,2026-08-28,5,BB,4,2026-08-28T14:37:00+09:00,691,87,1151.6667,-1064.6667,1208,-1225.3333
M0001,3075,2026-08-28,6,ART,0,2026-08-28T14:38:00+09:00,0,-2,0.0000,-2.0000,1208,-1227.3333
M0001,3075,2026-08-28,7,BB,5,2026-08-28T14:40:00+09:00,7,462,11.6667,450.3333,1215,-777.0000
M0001,3075,2026-08-28,8,BB,6,2026-08-28T15:51:00+09:00,136,239,226.6667,12.3333,1351,-764.6667
M0001,3075,2026-08-28,9,ART,0,2026-08-28T15:53:00+09:00,0,-2,0.0000,-2.0000,1351,-766.6667
M0001,3075,2026-08-28,10,BB,7,2026-08-28T16:14:00+09:00,286,157,476.6667,-319.6667,1637,-1086.3333
M0001,3075,2026-08-28,11,ART,0,2026-08-28T16:16:00+09:00,1,-2,1.6667,-3.6667,1638,-1090.0000
M0001,3075,2026-08-28,12,BB,8,2026-08-28T16:18:00+09:00,10,164,16.6667,147.3333,1648,-942.6667
M0001,3075,2026-08-28,13,BB,9,2026-08-28T16:20:00+09:00,5,171,8.3333,162.6667,1653,-780.0000
M0001,3075,2026-08-28,14,BB,10,2026-08-28T16:23:00+09:00,5,489,8.3333,480.6667,1658,-299.3333
M0001,3075,2026-08-28,15,BB,11,2026-08-28T16:44:00+09:00,145,83,241.6667,-158.6667,1803,-458.0000
M0001,3075,2026-08-28,16,ART,0,2026-08-28T16:45:00+09:00,0,-2,0.0000,-2.0000,1803,-460.0000
M0001,3075,2026-08-28,17,BB,12,2026-08-28T18:49:00+09:00,419,85,698.3333,-613.3333,2222,-1073.3333
M0001,3075,2026-08-28,18,ART,0,2026-08-28T18:50:00+09:00,1,-2,1.6667,-3.6667,2223,-1077.0000
M0001,3075,2026-08-28,19,BB,13,2026-08-28T18:51:00+09:00,2,442,3.3333,438.6667,2225,-638.3333
M0001,3075,2026-08-28,20,BB,14,2026-08-28T19:44:00+09:00,685,87,1141.6667,-1054.6667,2910,-1693.0000
M0001,3075,2026-08-28,21,ART,0,2026-08-28T19:45:00+09:00,0,0,0.0000,0.0000,2910,-1693.0000
M0001,3075,2026-08-28,22,BB,15,2026-08-28T19:46:00+09:00,9,272,15.0000,257.0000,2919,-1436.0000
M0001,3075,2026-08-28,23,BB,16,2026-08-28T20:18:00+09:00,67,87,111.6667,-24.6667,2986,-1460.6667
M0001,3075,2026-08-28,24,ART,0,2026-08-28T20:19:00+09:00,0,-2,0.0000,-2.0000,2986,-1462.6667
M0001,3075,2026-08-28,25,BB,17,2026-08-28T20:49:00+09:00,424,87,706.6667,-619.6667,3410,-2082.3333
M0001,3075,2026-08-28,26,ART,0,2026-08-28T20:49:00+09:00,1,-2,1.6667,-3.6667,3411,-2086.0000
M0001,3075,2026-08-29,1,BB,1,2026-08-29T10:14:00+09:00,104,81,173.3333,-92.3333,104,-92.3333
M0001,3075,2026-08-29,2,ART,0,2026-08-29T10:15:00+09:00,0,12,0.0000,12.0000,104,-80.3333
M0001,3075,2026-08-29,3,BB,2,2026-08-29T10:15:00+09:00,2,496,3.3333,492.6667,106,412.3333
M0001,3075,2026-08-29,4,BB,3,2026-08-29T10:20:00+09:00,5,249,8.3333,240.6667,111,653.0000
M0001,3075,2026-08-29,5,BB,4,2026-08-29T10:23:00+09:00,7,169,11.6667,157.3333,118,810.3333
M0001,3075,2026-08-29,6,BB,5,2026-08-29T10:24:00+09:00,5,83,8.3333,74.6667,123,885.0000
M0001,3075,2026-08-29,7,BB,6,2026-08-29T10:28:00+09:00,42,85,70.0000,15.0000,165,900.0000
M0001,3075,2026-08-29,8,ART,0,2026-08-29T10:29:00+09:00,0,-2,0.0000,-2.0000,165,898.0000
M0001,3075,2026-08-29,9,BB,7,2026-08-29T10:37:00+09:00,104,85,173.3333,-88.3333,269,809.6667
M0001,3075,2026-08-29,10,ART,0,2026-08-29T10:37:00+09:00,1,12,1.6667,10.3333,270,820.0000
M0001,3075,2026-08-29,11,BB,8,2026-08-29T10:38:00+09:00,2,76,3.3333,72.6667,272,892.6667
M0001,3075,2026-08-29,12,BB,9,2026-08-29T11:27:00+09:00,687,81,1145.0000,-1064.0000,959,-171.3333
M0001,3075,2026-08-29,13,ART,0,2026-08-29T11:28:00+09:00,0,12,0.0000,12.0000,959,-159.3333
M0001,3075,2026-08-29,14,BB,10,2026-08-29T11:28:00+09:00,2,179,3.3333,175.6667,961,16.3333
M0001,3075,2026-08-29,15,BB,11,2026-08-29T11:33:00+09:00,40,81,66.6667,14.3333,1001,30.6667
M0001,3075,2026-08-29,16,ART,0,2026-08-29T11:34:00+09:00,0,-2,0.0000,-2.0000,1001,28.6667
M0001,3075,2026-08-29,17,BB,12,2026-08-29T11:35:00+09:00,9,168,15.0000,153.0000,1010,181.6667
M0001,3075,2026-08-29,18,BB,13,2026-08-29T11:53:00+09:00,237,87,395.0000,-308.0000,1247,-126.3333
M0001,3075,2026-08-29,19,ART,0,2026-08-29T11:54:00+09:00,0,-2,0.0000,-2.0000,1247,-128.3333
M0001,3075,2026-08-29,20,BB,14,2026-08-29T12:37:00+09:00,609,78,1015.0000,-937.0000,1856,-1065.3333
M0001,3075,2026-08-29,21,ART,0,2026-08-29T12:38:00+09:00,1,-2,1.6667,-3.6667,1857,-1069.0000
M0001,3075,2026-08-29,22,BB,15,2026-08-29T12:40:00+09:00,10,254,16.6667,237.3333,1867,-831.6667
M0001,3075,2026-08-29,23,BB,16,2026-08-29T13:05:00+09:00,328,83,546.6667,-463.6667,2195,-1295.3333
M0001,3075,2026-08-29,24,ART,0,2026-08-29T13:06:00+09:00,0,-2,0.0000,-2.0000,2195,-1297.3333
M0001,3075,2026-08-29,25,BB,17,2026-08-29T13:09:00+09:00,40,87,66.6667,20.3333,2235,-1277.0000
M0001,3075,2026-08-29,26,ART,0,2026-08-29T13:10:00+09:00,1,0,1.6667,-1.6667,2236,-1278.6667
M0001,3075,2026-08-29,27,BB,18,2026-08-29T13:10:00+09:00,2,164,3.3333,160.6667,2238,-1118.0000
M0001,3075,2026-08-29,28,BB,19,2026-08-29T13:36:00+09:00,355,87,591.6667,-504.6667,2593,-1622.6667
M0001,3075,2026-08-29,29,ART,0,2026-08-29T13:37:00+09:00,0,-2,0.0000,-2.0000,2593,-1624.6667
M0001,3075,2026-08-29,30,BB,20,2026-08-29T13:38:00+09:00,4,535,6.6667,528.3333,2597,-1096.3333
M0001,3075,2026-08-29,31,BB,21,2026-08-29T13:43:00+09:00,11,165,18.3333,146.6667,2608,-949.6667
M0001,3075,2026-08-29,32,BB,22,2026-08-29T13:57:00+09:00,186,87,310.0000,-223.0000,2794,-1172.6667
M0001,3075,2026-08-29,33,ART,0,2026-08-29T13:58:00+09:00,0,-2,0.0000,-2.0000,2794,-1174.6667
M0001,3075,2026-08-29,34,BB,23,2026-08-29T14:39:00+09:00,590,81,983.3333,-902.3333,3384,-2077.0000
M0001,3075,2026-08-29,35,ART,0,2026-08-29T14:40:00+09:00,1,-2,1.6667,-3.6667,3385,-2080.6667
M0001,3075,2026-08-29,36,BB,24,2026-08-29T14:41:00+09:00,7,314,11.6667,302.3333,3392,-1778.3333
M0001,3075,2026-08-29,37,BB,25,2026-08-29T14:55:00+09:00,153,85,255.0000,-170.0000,3545,-1948.3333
M0001,3075,2026-08-29,38,ART,0,2026-08-29T14:56:00+09:00,0,-2,0.0000,-2.0000,3545,-1950.3333
M0001,3075,2026-08-29,39,BB,26,2026-08-29T14:57:00+09:00,8,266,13.3333,252.6667,3553,-1697.6667
M0001,3075,2026-08-29,40,BB,27,2026-08-29T15:00:00+09:00,4,553,6.6667,546.3333,3557,-1151.3333
M0001,3075,2026-08-29,41,BB,28,2026-08-29T15:06:00+09:00,13,413,21.6667,391.3333,3570,-760.0000
M0001,3075,2026-08-29,42,BB,29,2026-08-29T15:13:00+09:00,50,469,83.3333,385.6667,3620,-374.3333
M0001,3075,2026-08-29,43,ART,0,2026-08-29T15:16:00+09:00,0,-2,0.0000,-2.0000,3620,-376.3333
M0001,3075,2026-08-29,44,BB,30,2026-08-29T15:38:00+09:00,290,83,483.3333,-400.3333,3910,-776.6667
M0001,3075,2026-08-29,45,ART,0,2026-08-29T15:38:00+09:00,1,-2,1.6667,-3.6667,3911,-780.3333
M0001,3075,2026-08-29,46,BB,31,2026-08-29T15:42:00+09:00,49,78,81.6667,-3.6667,3960,-784.0000
M0001,3075,2026-08-29,47,ART,0,2026-08-29T15:43:00+09:00,1,-2,1.6667,-3.6667,3961,-787.6667
M0001,3075,2026-08-29,48,BB,32,2026-08-29T15:44:00+09:00,7,360,11.6667,348.3333,3968,-439.3333
M0001,3075,2026-08-29,49,BB,33,2026-08-29T15:47:00+09:00,4,325,6.6667,318.3333,3972,-121.0000
M0001,3075,2026-08-29,50,BB,34,2026-08-29T16:14:00+09:00,358,85,596.6667,-511.6667,4330,-632.6667
M0001,3075,2026-08-29,51,ART,0,2026-08-29T16:15:00+09:00,0,-2,0.0000,-2.0000,4330,-634.6667
M0001,3075,2026-08-29,52,BB,35,2026-08-29T16:20:00+09:00,71,85,118.3333,-33.3333,4401,-668.0000
M0001,3075,2026-08-29,53,ART,0,2026-08-29T16:21:00+09:00,1,0,1.6667,-1.6667,4402,-669.6667
M0001,3075,2026-08-29,54,BB,36,2026-08-29T16:22:00+09:00,3,181,5.0000,176.0000,4405,-493.6667
M0001,3075,2026-08-29,55,BB,37,2026-08-29T16:24:00+09:00,12,385,20.0000,365.0000,4417,-128.6667
M0001,3075,2026-08-29,56,BB,38,2026-08-29T16:45:00+09:00,256,87,426.6667,-339.6667,4673,-468.3333
M0001,3075,2026-08-29,57,ART,0,2026-08-29T16:46:00+09:00,0,-2,0.0000,-2.0000,4673,-470.3333
M0001,3075,2026-08-29,58,BB,39,2026-08-29T16:46:00+09:00,4,434,6.6667,427.3333,4677,-43.0000
M0001,3075,2026-08-29,59,BB,40,2026-08-29T16:51:00+09:00,12,161,20.0000,141.0000,4689,98.0000
M0001,3075,2026-08-29,60,BB,41,2026-08-29T17:17:00+09:00,358,85,596.6667,-511.6667,5047,-413.6667
M0001,3075,2026-08-29,61,ART,0,2026-08-29T17:18:00+09:00,0,-2,0.0000,-2.0000,5047,-415.6667
M0001,3075,2026-08-29,62,BB,42,2026-08-29T17:19:00+09:00,7,394,11.6667,382.3333,5054,-33.3333
M0001,3075,2026-08-29,63,BB,43,2026-08-29T17:22:00+09:00,4,169,6.6667,162.3333,5058,129.0000
M0001,3075,2026-08-29,64,BB,44,2026-08-29T17:25:00+09:00,11,323,18.3333,304.6667,5069,433.6667
M0001,3075,2026-08-29,65,BB,45,2026-08-29T18:14:00+09:00,684,81,1140.0000,-1059.0000,5753,-625.3333
M0001,3075,2026-08-29,66,ART,0,2026-08-29T18:15:00+09:00,0,-2,0.0000,-2.0000,5753,-627.3333
M0001,3075,2026-08-29,67,BB,46,2026-08-29T18:41:00+09:00,368,87,613.3333,-526.3333,6121,-1153.6667
M0001,3075,2026-08-29,68,ART,0,2026-08-29T18:42:00+09:00,1,12,1.6667,10.3333,6122,-1143.3333
M0001,3075,2026-08-29,69,BB,47,2026-08-29T18:42:00+09:00,2,164,3.3333,160.6667,6124,-982.6667
M0001,3075,2026-08-29,70,BB,48,2026-08-29T19:32:00+09:00,683,87,1138.3333,-1051.3333,6807,-2034.0000
M0001,3075,2026-08-29,71,ART,0,2026-08-29T19:33:00+09:00,0,-2,0.0000,-2.0000,6807,-2036.0000
M0001,3075,2026-08-29,72,BB,49,2026-08-29T19:34:00+09:00,10,163,16.6667,146.3333,6817,-1889.6667
M0001,3075,2026-08-29,73,BB,50,2026-08-29T19:36:00+09:00,4,321,6.6667,314.3333,6821,-1575.3333
M0001,3075,2026-08-29,74,BB,51,2026-08-29T19:48:00+09:00,132,85,220.0000,-135.0000,6953,-1710.3333
M0001,3075,2026-08-29,75,ART,0,2026-08-29T19:49:00+09:00,0,-2,0.0000,-2.0000,6953,-1712.3333
M0001,3075,2026-08-29,76,BB,52,2026-08-29T19:49:00+09:00,4,158,6.6667,151.3333,6957,-1561.0000
M0001,3075,2026-08-29,77,BB,53,2026-08-29T19:55:00+09:00,60,87,100.0000,-13.0000,7017,-1574.0000
M0001,3075,2026-08-29,78,ART,0,2026-08-29T19:56:00+09:00,0,-2,0.0000,-2.0000,7017,-1576.0000
M0001,3075,2026-08-29,79,BB,54,2026-08-29T21:20:00+09:00,1039,85,1731.6667,-1646.6667,8056,-3222.6667
M0001,3075,2026-08-29,80,ART,0,2026-08-29T21:21:00+09:00,1,-2,1.6667,-3.6667,8057,-3226.3333
M0001,3075,2026-08-29,81,BB,55,2026-08-29T21:30:00+09:00,122,85,203.3333,-118.3333,8179,-3344.6667
M0001,3075,2026-08-29,82,ART,0,2026-08-29T21:30:00+09:00,1,-2,1.6667,-3.6667,8180,-3348.3333
M0001,3075,2026-08-30,1,BB,1,2026-08-30T10:15:00+09:00,128,85,213.3333,-128.3333,128,-128.3333
M0001,3075,2026-08-30,2,ART,0,2026-08-30T10:15:00+09:00,0,0,0.0000,0.0000,128,-128.3333
M0001,3075,2026-08-30,3,BB,2,2026-08-30T10:17:00+09:00,10,441,16.6667,424.3333,138,296.0000
M0001,3075,2026-08-30,4,BB,3,2026-08-30T10:37:00+09:00,252,85,420.0000,-335.0000,390,-39.0000
M0001,3075,2026-08-30,5,ART,0,2026-08-30T10:38:00+09:00,0,-2,0.0000,-2.0000,390,-41.0000
M0001,3075,2026-08-30,6,BB,4,2026-08-30T11:24:00+09:00,645,87,1075.0000,-988.0000,1035,-1029.0000
M0001,3075,2026-08-30,7,ART,0,2026-08-30T11:25:00+09:00,1,-2,1.6667,-3.6667,1036,-1032.6667
M0001,3075,2026-08-30,8,BB,5,2026-08-30T11:25:00+09:00,4,321,6.6667,314.3333,1040,-718.3333
M0001,3075,2026-08-30,9,BB,6,2026-08-30T11:29:00+09:00,7,535,11.6667,523.3333,1047,-195.0000
M0001,3075,2026-08-30,10,BB,7,2026-08-30T12:45:00+09:00,1038,82,1730.0000,-1648.0000,2085,-1843.0000
M0001,3075,2026-08-30,11,ART,0,2026-08-30T12:46:00+09:00,0,0,0.0000,0.0000,2085,-1843.0000
M0001,3075,2026-08-30,12,BB,8,2026-08-30T12:50:00+09:00,51,85,85.0000,0.0000,2136,-1843.0000
M0001,3075,2026-08-30,13,ART,0,2026-08-30T12:51:00+09:00,1,-2,1.6667,-3.6667,2137,-1846.6667
M0001,3075,2026-08-30,14,BB,9,2026-08-30T12:54:00+09:00,42,87,70.0000,17.0000,2179,-1829.6667
M0001,3075,2026-08-30,15,ART,0,2026-08-30T12:55:00+09:00,1,-2,1.6667,-3.6667,2180,-1833.3333
M0001,3075,2026-08-30,16,BB,10,2026-08-30T12:56:00+09:00,4,160,6.6667,153.3333,2184,-1680.0000
M0001,3075,2026-08-30,17,BB,11,2026-08-30T12:58:00+09:00,6,167,10.0000,157.0000,2190,-1523.0000
M0001,3075,2026-08-30,18,BB,12,2026-08-30T13:14:00+09:00,218,87,363.3333,-276.3333,2408,-1799.3333
M0001,3075,2026-08-30,19,ART,0,2026-08-30T13:15:00+09:00,0,-2,0.0000,-2.0000,2408,-1801.3333
M0001,3075,2026-08-30,20,BB,13,2026-08-30T13:40:00+09:00,360,87,600.0000,-513.0000,2768,-2314.3333
M0001,3075,2026-08-30,21,ART,0,2026-08-30T13:41:00+09:00,1,12,1.6667,10.3333,2769,-2304.0000
M0001,3075,2026-08-30,22,BB,14,2026-08-30T13:42:00+09:00,2,83,3.3333,79.6667,2771,-2224.3333
M0001,3075,2026-08-30,23,BB,15,2026-08-30T13:43:00+09:00,5,217,8.3333,208.6667,2776,-2015.6667
M0001,3075,2026-08-30,24,BB,16,2026-08-30T13:45:00+09:00,8,171,13.3333,157.6667,2784,-1858.0000
M0001,3075,2026-08-30,25,BB,17,2026-08-30T13:47:00+09:00,6,385,10.0000,375.0000,2790,-1483.0000
M0001,3075,2026-08-30,26,BB,18,2026-08-30T13:52:00+09:00,13,79,21.6667,57.3333,2803,-1425.6667
M0001,3075,2026-08-30,27,BB,19,2026-08-30T14:02:00+09:00,136,83,226.6667,-143.6667,2939,-1569.3333
M0001,3075,2026-08-30,28,ART,0,2026-08-30T14:03:00+09:00,0,0,0.0000,0.0000,2939,-1569.3333
M0001,3075,2026-08-30,29,BB,20,2026-08-30T14:14:00+09:00,155,85,258.3333,-173.3333,3094,-1742.6667
M0001,3075,2026-08-30,30,ART,0,2026-08-30T14:15:00+09:00,1,-2,1.6667,-3.6667,3095,-1746.3333
M0001,3075,2026-08-30,31,BB,21,2026-08-30T14:26:00+09:00,156,155,260.0000,-105.0000,3251,-1851.3333
M0001,3075,2026-08-30,32,ART,0,2026-08-30T14:27:00+09:00,1,0,1.6667,-1.6667,3252,-1853.0000
M0001,3075,2026-08-30,33,BB,22,2026-08-30T14:28:00+09:00,10,258,16.6667,241.3333,3262,-1611.6667
M0001,3075,2026-08-30,34,BB,23,2026-08-30T14:33:00+09:00,32,87,53.3333,33.6667,3294,-1578.0000
M0001,3075,2026-08-30,35,ART,0,2026-08-30T14:34:00+09:00,0,-2,0.0000,-2.0000,3294,-1580.0000
M0001,3075,2026-08-30,36,BB,24,2026-08-30T15:20:00+09:00,662,83,1103.3333,-1020.3333,3956,-2600.3333
M0001,3075,2026-08-30,37,ART,0,2026-08-30T15:20:00+09:00,1,-2,1.6667,-3.6667,3957,-2604.0000
M0001,3075,2026-08-30,38,BB,25,2026-08-30T15:31:00+09:00,142,87,236.6667,-149.6667,4099,-2753.6667
M0001,3075,2026-08-30,39,ART,0,2026-08-30T15:32:00+09:00,1,-2,1.6667,-3.6667,4100,-2757.3333
M0001,3075,2026-08-30,40,BB,26,2026-08-30T15:50:00+09:00,159,87,265.0000,-178.0000,4259,-2935.3333
M0001,3075,2026-08-30,41,ART,0,2026-08-30T15:51:00+09:00,1,-2,1.6667,-3.6667,4260,-2939.0000
M0001,3075,2026-08-30,42,BB,27,2026-08-30T16:35:00+09:00,577,85,961.6667,-876.6667,4837,-3815.6667
M0001,3075,2026-08-30,43,ART,0,2026-08-30T16:36:00+09:00,1,-2,1.6667,-3.6667,4838,-3819.3333
M0001,3075,2026-08-30,44,BB,28,2026-08-30T16:37:00+09:00,8,181,13.3333,167.6667,4846,-3651.6667
M0001,3075,2026-08-30,45,BB,29,2026-08-30T16:39:00+09:00,7,167,11.6667,155.3333,4853,-3496.3333
M0001,3075,2026-08-30,46,BB,30,2026-08-30T17:19:00+09:00,283,85,471.6667,-386.6667,5136,-3883.0000
M0001,3075,2026-08-30,47,ART,0,2026-08-30T17:20:00+09:00,1,-2,1.6667,-3.6667,5137,-3886.6667
M0001,3075,2026-08-30,48,BB,31,2026-08-30T17:23:00+09:00,6,167,10.0000,157.0000,5143,-3729.6667
M0001,3075,2026-08-30,49,BB,32,2026-08-30T17:27:00+09:00,12,163,20.0000,143.0000,5155,-3586.6667
M0001,3075,2026-08-30,50,BB,33,2026-08-30T18:00:00+09:00,375,85,625.0000,-540.0000,5530,-4126.6667
M0001,3075,2026-08-30,51,ART,0,2026-08-30T18:00:00+09:00,0,0,0.0000,0.0000,5530,-4126.6667
M0001,3075,2026-08-30,52,BB,34,2026-08-30T18:26:00+09:00,305,79,508.3333,-429.3333,5835,-4556.0000
M0001,3075,2026-08-30,53,ART,0,2026-08-30T18:27:00+09:00,1,-2,1.6667,-3.6667,5836,-4559.6667
M0001,3075,2026-08-30,54,BB,35,2026-08-30T18:47:00+09:00,237,83,395.0000,-312.0000,6073,-4871.6667
M0001,3075,2026-08-30,55,ART,0,2026-08-30T18:48:00+09:00,1,-2,1.6667,-3.6667,6074,-4875.3333
M0001,3075,2026-08-30,56,BB,36,2026-08-30T19:13:00+09:00,285,87,475.0000,-388.0000,6359,-5263.3333
M0001,3075,2026-08-30,57,ART,0,2026-08-30T19:14:00+09:00,1,-2,1.6667,-3.6667,6360,-5267.0000
M0001,3075,2026-08-30,58,BB,37,2026-08-30T19:50:00+09:00,446,85,743.3333,-658.3333,6806,-5925.3333
M0001,3075,2026-08-30,59,ART,0,2026-08-30T19:51:00+09:00,1,0,1.6667,-1.6667,6807,-5927.0000
M0001,3075,2026-08-30,60,BB,38,2026-08-30T19:53:00+09:00,3,459,5.0000,454.0000,6810,-5473.0000
M0001,3075,2026-08-30,61,BB,39,2026-08-30T20:01:00+09:00,12,169,20.0000,149.0000,6822,-5324.0000
M0001,3075,2026-08-30,62,BB,40,2026-08-30T20:55:00+09:00,491,85,818.3333,-733.3333,7313,-6057.3333
M0001,3075,2026-08-30,63,ART,0,2026-08-30T20:56:00+09:00,0,-2,0.0000,-2.0000,7313,-6059.3333
M0001,3075,2026-08-30,64,BB,41,2026-08-30T21:31:00+09:00,407,87,678.3333,-591.3333,7720,-6650.6667
M0001,3075,2026-08-30,65,ART,0,2026-08-30T21:32:00+09:00,1,-2,1.6667,-3.6667,7721,-6654.3333
M0001,3075,2026-08-30,66,BB,42,2026-08-30T21:45:00+09:00,149,87,248.3333,-161.3333,7870,-6815.6667
M0001,3075,2026-08-30,67,ART,0,2026-08-30T21:46:00+09:00,1,-2,1.6667,-3.6667,7871,-6819.3333
M0001,3075,2026-08-30,68,BB,43,2026-08-30T21:48:00+09:00,5,522,8.3333,513.6667,7876,-6305.6667
M0001,3075,2026-08-30,69,BB,44,2026-08-30T21:53:00+09:00,4,167,6.6667,160.3333,7880,-6145.3333
M0001,3075,2026-08-31,1,BB,1,2026-08-31T10:17:00+09:00,122,87,203.3333,-116.3333,122,-116.3333
M0001,3075,2026-08-31,2,ART,0,2026-08-31T10:19:00+09:00,0,-2,0.0000,-2.0000,122,-118.3333
M0001,3075,2026-08-31,3,BB,2,2026-08-31T10:20:00+09:00,5,574,8.3333,565.6667,127,447.3333
M0001,3075,2026-08-31,4,BB,3,2026-08-31T10:27:00+09:00,7,639,11.6667,627.3333,134,1074.6667
M0001,3075,2026-08-31,5,BB,4,2026-08-31T10:58:00+09:00,356,87,593.3333,-506.3333,490,568.3333
M0001,3075,2026-08-31,6,ART,0,2026-08-31T10:58:00+09:00,1,-2,1.6667,-3.6667,491,564.6667
M0001,3075,2026-08-31,7,BB,5,2026-08-31T11:20:00+09:00,290,87,483.3333,-396.3333,781,168.3333
M0001,3075,2026-08-31,8,ART,0,2026-08-31T11:20:00+09:00,1,-2,1.6667,-3.6667,782,164.6667
M0001,3075,2026-08-31,9,BB,6,2026-08-31T11:41:00+09:00,286,79,476.6667,-397.6667,1068,-233.0000
M0001,3075,2026-08-31,10,ART,0,2026-08-31T11:42:00+09:00,1,0,1.6667,-1.6667,1069,-234.6667
M0001,3075,2026-08-31,11,BB,7,2026-08-31T11:43:00+09:00,3,502,5.0000,497.0000,1072,262.3333
M0001,3075,2026-08-31,12,BB,8,2026-08-31T11:48:00+09:00,9,333,15.0000,318.0000,1081,580.3333
M0001,3075,2026-08-31,13,BB,9,2026-08-31T12:53:00+09:00,665,87,1108.3333,-1021.3333,1746,-441.0000
M0001,3075,2026-08-31,14,ART,0,2026-08-31T12:54:00+09:00,0,-2,0.0000,-2.0000,1746,-443.0000
M0001,3075,2026-08-31,15,BB,10,2026-08-31T13:22:00+09:00,356,87,593.3333,-506.3333,2102,-949.3333
M0001,3075,2026-08-31,16,ART,0,2026-08-31T13:23:00+09:00,1,-2,1.6667,-3.6667,2103,-953.0000
M0001,3075,2026-08-31,17,BB,11,2026-08-31T13:24:00+09:00,5,166,8.3333,157.6667,2108,-795.3333
M0001,3075,2026-08-31,18,BB,12,2026-08-31T13:26:00+09:00,12,255,20.0000,235.0000,2120,-560.3333
M0001,3075,2026-08-31,19,BB,13,2026-08-31T14:00:00+09:00,287,85,478.3333,-393.3333,2407,-953.6667
M0001,3075,2026-08-31,20,ART,0,2026-08-31T14:01:00+09:00,0,-2,0.0000,-2.0000,2407,-955.6667
M0001,3075,2026-08-31,21,BB,14,2026-08-31T14:22:00+09:00,283,87,471.6667,-384.6667,2690,-1340.3333
M0001,3075,2026-08-31,22,ART,0,2026-08-31T14:23:00+09:00,1,-2,1.6667,-3.6667,2691,-1344.0000
M0001,3075,2026-08-31,23,BB,15,2026-08-31T14:24:00+09:00,6,250,10.0000,240.0000,2697,-1104.0000
M0001,3075,2026-08-31,24,BB,16,2026-08-31T14:28:00+09:00,10,321,16.6667,304.3333,2707,-799.6667
M0001,3075,2026-08-31,25,BB,17,2026-08-31T14:32:00+09:00,6,467,10.0000,457.0000,2713,-342.6667
M0001,3075,2026-08-31,26,BB,18,2026-08-31T14:38:00+09:00,13,453,21.6667,431.3333,2726,88.6667
M0001,3075,2026-08-31,27,BB,19,2026-08-31T14:45:00+09:00,37,1270,61.6667,1208.3333,2763,1297.0000
M0001,3075,2026-08-31,28,ART,0,2026-08-31T14:55:00+09:00,0,-2,0.0000,-2.0000,2763,1295.0000
M0001,3075,2026-08-31,29,BB,20,2026-08-31T14:57:00+09:00,10,415,16.6667,398.3333,2773,1693.3333
M0001,3075,2026-08-31,30,BB,21,2026-08-31T15:02:00+09:00,7,489,11.6667,477.3333,2780,2170.6667
M0001,3075,2026-08-31,31,BB,22,2026-08-31T15:08:00+09:00,36,1262,60.0000,1202.0000,2816,3372.6667
M0001,3075,2026-08-31,32,ART,0,2026-08-31T15:19:00+09:00,0,-2,0.0000,-2.0000,2816,3370.6667
M0001,3075,2026-08-31,33,BB,23,2026-08-31T15:44:00+09:00,353,83,588.3333,-505.3333,3169,2865.3333
M0001,3075,2026-08-31,34,ART,0,2026-08-31T15:45:00+09:00,1,0,1.6667,-1.6667,3170,2863.6667
M0001,3075,2026-08-31,35,BB,24,2026-08-31T15:46:00+09:00,3,166,5.0000,161.0000,3173,3024.6667
M0001,3075,2026-08-31,36,BB,25,2026-08-31T15:49:00+09:00,8,253,13.3333,239.6667,3181,3264.3333
M0001,3075,2026-08-31,37,BB,26,2026-08-31T15:52:00+09:00,10,573,16.6667,556.3333,3191,3820.6667
M0001,3075,2026-08-31,38,BB,27,2026-08-31T16:02:00+09:00,48,425,80.0000,345.0000,3239,4165.6667
M0001,3075,2026-08-31,39,ART,0,2026-08-31T16:05:00+09:00,0,-2,0.0000,-2.0000,3239,4163.6667
M0001,3075,2026-08-31,40,BB,28,2026-08-31T16:26:00+09:00,287,85,478.3333,-393.3333,3526,3770.3333
M0001,3075,2026-08-31,41,ART,0,2026-08-31T16:27:00+09:00,1,-2,1.6667,-3.6667,3527,3766.6667
M0001,3075,2026-08-31,42,BB,29,2026-08-31T16:29:00+09:00,8,165,13.3333,151.6667,3535,3918.3333
M0001,3075,2026-08-31,43,BB,30,2026-08-31T16:36:00+09:00,81,85,135.0000,-50.0000,3616,3868.3333
M0001,3075,2026-08-31,44,ART,0,2026-08-31T16:38:00+09:00,0,-2,0.0000,-2.0000,3616,3866.3333
M0001,3075,2026-08-31,45,BB,31,2026-08-31T16:53:00+09:00,214,85,356.6667,-271.6667,3830,3594.6667
M0001,3075,2026-08-31,46,ART,0,2026-08-31T16:54:00+09:00,1,-2,1.6667,-3.6667,3831,3591.0000
M0001,3075,2026-08-31,47,BB,32,2026-08-31T17:17:00+09:00,323,233,538.3333,-305.3333,4154,3285.6667
M0001,3075,2026-08-31,48,ART,0,2026-08-31T17:19:00+09:00,1,-2,1.6667,-3.6667,4155,3282.0000
M0001,3075,2026-08-31,49,BB,33,2026-08-31T17:22:00+09:00,10,307,16.6667,290.3333,4165,3572.3333
M0001,3075,2026-08-31,50,BB,34,2026-08-31T17:26:00+09:00,6,251,10.0000,241.0000,4171,3813.3333
M0001,3075,2026-08-31,51,BB,35,2026-08-31T17:29:00+09:00,5,433,8.3333,424.6667,4176,4238.0000
M0001,3075,2026-08-31,52,BB,36,2026-08-31T17:34:00+09:00,12,87,20.0000,67.0000,4188,4305.0000
M0001,3075,2026-08-31,53,BB,37,2026-08-31T18:31:00+09:00,812,87,1353.3333,-1266.3333,5000,3038.6667
M0001,3075,2026-08-31,54,ART,0,2026-08-31T18:32:00+09:00,0,0,0.0000,0.0000,5000,3038.6667
M0001,3075,2026-08-31,55,BB,38,2026-08-31T18:33:00+09:00,5,164,8.3333,155.6667,5005,3194.3333
M0001,3075,2026-08-31,56,BB,39,2026-08-31T18:35:00+09:00,10,171,16.6667,154.3333,5015,3348.6667
M0001,3075,2026-08-31,57,BB,40,2026-08-31T18:56:00+09:00,158,87,263.3333,-176.3333,5173,3172.3333
M0001,3075,2026-08-31,58,ART,0,2026-08-31T18:57:00+09:00,0,0,0.0000,0.0000,5173,3172.3333
M0001,3075,2026-08-31,59,BB,41,2026-08-31T18:58:00+09:00,6,258,10.0000,248.0000,5179,3420.3333
M0001,3075,2026-08-31,60,BB,42,2026-08-31T19:02:00+09:00,11,165,18.3333,146.6667,5190,3567.0000
M0001,3075,2026-08-31,61,BB,43,2026-08-31T19:18:00+09:00,143,85,238.3333,-153.3333,5333,3413.6667
M0001,3075,2026-08-31,62,ART,0,2026-08-31T19:19:00+09:00,0,-2,0.0000,-2.0000,5333,3411.6667
M0001,3075,2026-08-31,63,BB,44,2026-08-31T19:40:00+09:00,285,85,475.0000,-390.0000,5618,3021.6667
M0001,3075,2026-08-31,64,ART,0,2026-08-31T19:41:00+09:00,1,-2,1.6667,-3.6667,5619,3018.0000
M0001,3075,2026-08-31,65,BB,45,2026-08-31T19:43:00+09:00,9,494,15.0000,479.0000,5628,3497.0000
M0001,3075,2026-08-31,66,BB,46,2026-08-31T20:37:00+09:00,681,87,1135.0000,-1048.0000,6309,2449.0000
M0001,3075,2026-08-31,67,ART,0,2026-08-31T20:37:00+09:00,0,-2,0.0000,-2.0000,6309,2447.0000
M0001,3075,2026-08-31,68,BB,47,2026-08-31T20:38:00+09:00,4,243,6.6667,236.3333,6313,2683.3333
M0001,3075,2026-08-31,69,BB,48,2026-08-31T20:42:00+09:00,6,323,10.0000,313.0000,6319,2996.3333
M0001,3075,2026-08-31,70,BB,49,2026-08-31T20:45:00+09:00,6,469,10.0000,459.0000,6325,3455.3333
M0001,3075,2026-08-31,71,BB,50,2026-08-31T20:53:00+09:00,53,449,88.3333,360.6667,6378,3816.0000
M0001,3075,2026-08-31,72,ART,0,2026-08-31T20:57:00+09:00,0,-2,0.0000,-2.0000,6378,3814.0000
M0001,3075,2026-09-01,1,BB,1,2026-09-01T10:58:00+09:00,673,87,1121.6667,-1034.6667,673,-1034.6667
M0001,3075,2026-09-01,2,ART,0,2026-09-01T10:59:00+09:00,0,-2,0.0000,-2.0000,673,-1036.6667
M0001,3075,2026-09-01,3,BB,2,2026-09-01T11:25:00+09:00,301,79,501.6667,-422.6667,974,-1459.3333
M0001,3075,2026-09-01,4,ART,0,2026-09-01T11:26:00+09:00,1,0,1.6667,-1.6667,975,-1461.0000
M0001,3075,2026-09-01,5,BB,3,2026-09-01T11:48:00+09:00,285,85,475.0000,-390.0000,1260,-1851.0000
M0001,3075,2026-09-01,6,ART,0,2026-09-01T11:49:00+09:00,1,-2,1.6667,-3.6667,1261,-1854.6667
M0001,3075,2026-09-01,7,BB,4,2026-09-01T11:51:00+09:00,3,505,5.0000,500.0000,1264,-1354.6667
M0001,3075,2026-09-01,8,BB,5,2026-09-01T11:56:00+09:00,5,417,8.3333,408.6667,1269,-946.0000
M0001,3075,2026-09-01,9,BB,6,2026-09-01T12:02:00+09:00,14,523,23.3333,499.6667,1283,-446.3333
M0001,3075,2026-09-01,10,BB,7,2026-09-01T12:14:00+09:00,5,419,8.3333,410.6667,1288,-35.6667
M0001,3075,2026-09-01,11,BB,8,2026-09-01T12:24:00+09:00,49,492,81.6667,410.3333,1337,374.6667
M0001,3075,2026-09-01,12,ART,0,2026-09-01T12:28:00+09:00,1,12,1.6667,10.3333,1338,385.0000
M0001,3075,2026-09-01,13,BB,9,2026-09-01T12:29:00+09:00,2,635,3.3333,631.6667,1340,1016.6667
M0001,3075,2026-09-01,14,BB,10,2026-09-01T12:38:00+09:00,11,603,18.3333,584.6667,1351,1601.3333
M0001,3075,2026-09-01,15,BB,11,2026-09-01T13:12:00+09:00,342,83,570.0000,-487.0000,1693,1114.3333
M0001,3075,2026-09-01,16,ART,0,2026-09-01T13:13:00+09:00,0,-2,0.0000,-2.0000,1693,1112.3333
M0001,3075,2026-09-01,17,BB,12,2026-09-01T13:26:00+09:00,148,87,246.6667,-159.6667,1841,952.6667
M0001,3075,2026-09-01,18,ART,0,2026-09-01T13:27:00+09:00,1,-2,1.6667,-3.6667,1842,949.0000
M0001,3075,2026-09-01,19,BB,13,2026-09-01T13:29:00+09:00,7,160,11.6667,148.3333,1849,1097.3333
M0001,3075,2026-09-01,20,BB,14,2026-09-01T14:00:00+09:00,356,81,593.3333,-512.3333,2205,585.0000
M0001,3075,2026-09-01,21,ART,0,2026-09-01T14:01:00+09:00,0,-2,0.0000,-2.0000,2205,583.0000
M0001,3075,2026-09-01,22,BB,15,2026-09-01T14:23:00+09:00,267,85,445.0000,-360.0000,2472,223.0000
M0001,3075,2026-09-01,23,ART,0,2026-09-01T14:24:00+09:00,1,-2,1.6667,-3.6667,2473,219.3333
M0001,3075,2026-09-01,24,BB,16,2026-09-01T14:25:00+09:00,5,400,8.3333,391.6667,2478,611.0000
M0001,3075,2026-09-01,25,BB,17,2026-09-01T14:31:00+09:00,11,171,18.3333,152.6667,2489,763.6667
M0001,3075,2026-09-01,26,BB,18,2026-09-01T14:33:00+09:00,5,401,8.3333,392.6667,2494,1156.3333
M0001,3075,2026-09-01,27,BB,19,2026-09-01T14:39:00+09:00,12,509,20.0000,489.0000,2506,1645.3333
M0001,3075,2026-09-01,28,BB,20,2026-09-01T14:46:00+09:00,5,569,8.3333,560.6667,2511,2206.0000
M0001,3075,2026-09-01,29,BB,21,2026-09-01T14:55:00+09:00,38,507,63.3333,443.6667,2549,2649.6667
M0001,3075,2026-09-01,30,ART,0,2026-09-01T15:00:00+09:00,0,-2,0.0000,-2.0000,2549,2647.6667
M0001,3075,2026-09-01,31,BB,22,2026-09-01T15:01:00+09:00,5,429,8.3333,420.6667,2554,3068.3333
M0001,3075,2026-09-01,32,BB,23,2026-09-01T15:07:00+09:00,12,497,20.0000,477.0000,2566,3545.3333
M0001,3075,2026-09-01,33,BB,24,2026-09-01T15:14:00+09:00,11,465,18.3333,446.6667,2577,3992.0000
M0001,3075,2026-09-01,34,BB,25,2026-09-01T15:26:00+09:00,10,579,16.6667,562.3333,2587,4554.3333
M0001,3075,2026-09-01,35,BB,26,2026-09-01T15:36:00+09:00,44,391,73.3333,317.6667,2631,4872.0000
M0001,3075,2026-09-01,36,ART,0,2026-09-01T15:42:00+09:00,0,-2,0.0000,-2.0000,2631,4870.0000
M0001,3075,2026-09-01,37,BB,27,2026-09-01T15:43:00+09:00,4,487,6.6667,480.3333,2635,5350.3333
M0001,3075,2026-09-01,38,BB,28,2026-09-01T16:03:00+09:00,168,85,280.0000,-195.0000,2803,5155.3333
M0001,3075,2026-09-01,39,ART,0,2026-09-01T16:04:00+09:00,0,-2,0.0000,-2.0000,2803,5153.3333
M0001,3075,2026-09-01,40,BB,29,2026-09-01T16:09:00+09:00,51,87,85.0000,2.0000,2854,5155.3333
M0001,3075,2026-09-01,41,ART,0,2026-09-01T16:10:00+09:00,1,-2,1.6667,-3.6667,2855,5151.6667
M0001,3075,2026-09-01,42,BB,30,2026-09-01T16:29:00+09:00,242,83,403.3333,-320.3333,3097,4831.3333
M0001,3075,2026-09-01,43,ART,0,2026-09-01T16:30:00+09:00,1,-2,1.6667,-3.6667,3098,4827.6667
